Date,Simple Date,Outdoor Temperature (째F),Feels Like (째F),Dew Point (째F),Wind Speed (mph),Wind Gust (mph),Max Daily Gust (mph),Wind Direction (째),Hourly Rain (in/hr),Event Rain (in),Daily Rain (in),Weekly Rain (in),Monthly Rain (in),Total Rain (in),Relative Pressure (inHg),Outdoor Humidity (%),Ultra-Violet Radiation Index,Solar Radiation (W/m^2),Absolute Pressure (inHg),CO2 battery
2022-03-08T23:55:00-05:00,2022-03-08 23:55:00,30.7,30.7,27,0,0,8.1,283,0,0,0,1.24,1.24,8.16,29.68,86,0,0,29.35,1
2022-03-08T23:50:00-05:00,2022-03-08 23:50:00,30.6,30.6,26.9,0,0,8.1,283,0,0,0,1.24,1.24,8.16,29.68,86,0,0,29.35,1
2022-03-08T23:45:00-05:00,2022-03-08 23:45:00,30.6,30.6,26.9,0,0,8.1,283,0,0,0,1.24,1.24,8.16,29.68,86,0,0,29.36,1
2022-03-08T23:40:00-05:00,2022-03-08 23:40:00,30.6,30.6,26.6,0,0,8.1,283,0,0,0,1.24,1.24,8.16,29.68,85,0,0,29.36,1
2022-03-08T23:35:00-05:00,2022-03-08 23:35:00,30.6,30.6,26.9,0,0,8.1,283,0,0,0,1.24,1.24,8.16,29.7,86,0,0,29.37,1
2022-03-08T23:30:00-05:00,2022-03-08 23:30:00,30.2,30.2,26.5,0,0,8.1,283,0,0,0,1.24,1.24,8.16,29.7,86,0,0,29.37,1
2022-03-08T23:25:00-05:00,2022-03-08 23:25:00,30.4,30.4,27.3,0,0,8.1,283,0,0,0,1.24,1.24,8.16,29.69,88,0,0,29.37,1
2022-03-08T23:20:00-05:00,2022-03-08 23:20:00,30.6,30.6,27.5,0,0,8.1,283,0,0,0,1.24,1.24,8.16,29.68,88,0,0,29.36,1
2022-03-08T23:15:00-05:00,2022-03-08 23:15:00,30.6,30.6,26.6,0,0,8.1,283,0,0,0,1.24,1.24,8.16,29.69,85,0,0,29.36,1
2022-03-08T23:10:00-05:00,2022-03-08 23:10:00,30.2,30.2,26.5,0,0,8.1,283,0,0,0,1.24,1.24,8.16,29.69,86,0,0,29.36,1
2022-03-08T23:05:00-05:00,2022-03-08 23:05:00,30.2,30.2,26.8,0,0,8.1,283,0,0,0,1.24,1.24,8.16,29.69,87,0,0,29.37,1
2022-03-08T23:00:00-05:00,2022-03-08 23:00:00,30.2,30.2,26.2,0,0,8.1,283,0,0,0,1.24,1.24,8.16,29.69,85,0,0,29.36,1
2022-03-08T22:55:00-05:00,2022-03-08 22:55:00,30.2,30.2,26,0,0,8.1,283,0,0,0,1.24,1.24,8.16,29.7,84,0,0,29.37,1
2022-03-08T22:50:00-05:00,2022-03-08 22:50:00,30.4,30.4,26.2,0,0,8.1,283,0,0,0,1.24,1.24,8.16,29.7,84,0,0,29.38,1
2022-03-08T22:45:00-05:00,2022-03-08 22:45:00,30.6,30.6,26.4,0,0,8.1,283,0,0,0,1.24,1.24,8.16,29.7,84,0,0,29.37,1
2022-03-08T22:40:00-05:00,2022-03-08 22:40:00,30.9,30.9,26.6,0,0,8.1,283,0,0,0,1.24,1.24,8.16,29.71,84,0,0,29.38,1
2022-03-08T22:35:00-05:00,2022-03-08 22:35:00,31.3,31.3,26.5,0,0,8.1,283,0,0,0,1.24,1.24,8.16,29.7,82,0,0,29.38,1
2022-03-08T22:30:00-05:00,2022-03-08 22:30:00,31.1,31.1,26,0,0,8.1,283,0,0,0,1.24,1.24,8.16,29.71,81,0,0,29.38,1
2022-03-08T22:25:00-05:00,2022-03-08 22:25:00,31.1,31.1,26.8,0,0,8.1,283,0,0,0,1.24,1.24,8.16,29.7,84,0,0,29.38,1
2022-03-08T22:20:00-05:00,2022-03-08 22:20:00,31.5,31.5,27.2,0,0,8.1,283,0,0,0,1.24,1.24,8.16,29.71,84,0,0,29.38,1
2022-03-08T22:15:00-05:00,2022-03-08 22:15:00,31.8,31.8,26.6,0,0,8.1,283,0,0,0,1.24,1.24,8.16,29.71,81,0,0,29.38,1
2022-03-08T22:10:00-05:00,2022-03-08 22:10:00,31.8,31.8,27.5,0,0,8.1,283,0,0,0,1.24,1.24,8.16,29.71,84,0,0,29.38,1
2022-03-08T22:05:00-05:00,2022-03-08 22:05:00,31.8,31.8,26.6,0,0,8.1,283,0,0,0,1.24,1.24,8.16,29.71,81,0,0,29.39,1
2022-03-08T22:00:00-05:00,2022-03-08 22:00:00,31.5,31.5,26.7,0,0,8.1,283,0,0,0,1.24,1.24,8.16,29.71,82,0,0,29.38,1
2022-03-08T21:55:00-05:00,2022-03-08 21:55:00,31.5,31.5,26.4,0,0,8.1,283,0,0,0,1.24,1.24,8.16,29.7,81,0,0,29.38,1
2022-03-08T21:50:00-05:00,2022-03-08 21:50:00,31.6,31.6,26.7,0,0,8.1,283,0,0,0,1.24,1.24,8.16,29.71,82,0,0,29.39,1
2022-03-08T21:45:00-05:00,2022-03-08 21:45:00,31.3,31.3,26.2,0,0,8.1,283,0,0,0,1.24,1.24,8.16,29.7,81,0,0,29.38,1
2022-03-08T21:40:00-05:00,2022-03-08 21:40:00,31.5,31.5,26.4,0,0,8.1,283,0,0,0,1.24,1.24,8.16,29.71,81,0,0,29.39,1
2022-03-08T21:35:00-05:00,2022-03-08 21:35:00,31.6,31.6,27.3,0,0,8.1,283,0,0,0,1.24,1.24,8.16,29.71,84,0,0,29.39,1
2022-03-08T21:30:00-05:00,2022-03-08 21:30:00,31.8,31.8,26.9,0,0,8.1,283,0,0,0,1.24,1.24,8.16,29.71,82,0,0,29.39,1
2022-03-08T21:25:00-05:00,2022-03-08 21:25:00,31.8,31.8,25.7,0,0,8.1,283,0,0,0,1.24,1.24,8.16,29.72,78,0,0,29.39,1
2022-03-08T21:20:00-05:00,2022-03-08 21:20:00,31.8,31.8,26.6,0,0,8.1,283,0,0,0,1.24,1.24,8.16,29.72,81,0,0,29.4,1
2022-03-08T21:15:00-05:00,2022-03-08 21:15:00,31.6,31.6,25.8,0,0,8.1,283,0,0,0,1.24,1.24,8.16,29.71,79,0,0,29.39,1
2022-03-08T21:10:00-05:00,2022-03-08 21:10:00,31.8,31.8,26.6,0,0,8.1,283,0,0,0,1.24,1.24,8.16,29.72,81,0,0,29.39,1
2022-03-08T21:05:00-05:00,2022-03-08 21:05:00,31.5,31.5,26.1,0,0,8.1,283,0,0,0,1.24,1.24,8.16,29.72,80,0,0,29.4,1
2022-03-08T21:00:00-05:00,2022-03-08 21:00:00,31.3,31.3,25.9,0,0,8.1,283,0,0,0,1.24,1.24,8.16,29.7,80,0,0,29.38,1
2022-03-08T20:55:00-05:00,2022-03-08 20:55:00,31.5,31.5,26.4,0,0,8.1,283,0,0,0,1.24,1.24,8.16,29.71,81,0,0,29.39,1
2022-03-08T20:50:00-05:00,2022-03-08 20:50:00,31.6,31.6,26.7,0,0,8.1,283,0,0,0,1.24,1.24,8.16,29.71,82,0,0,29.39,1
2022-03-08T20:45:00-05:00,2022-03-08 20:45:00,31.8,31.8,26.3,0,0,8.1,283,0,0,0,1.24,1.24,8.16,29.71,80,0,0,29.39,1
2022-03-08T20:40:00-05:00,2022-03-08 20:40:00,31.8,31.8,25.7,0,0,8.1,283,0,0,0,1.24,1.24,8.16,29.71,78,0,0,29.39,1
2022-03-08T20:35:00-05:00,2022-03-08 20:35:00,31.8,31.8,25.7,0,0,8.1,283,0,0,0,1.24,1.24,8.16,29.71,78,0,0,29.39,1
2022-03-08T20:30:00-05:00,2022-03-08 20:30:00,32,32,25.6,0,0,8.1,283,0,0,0,1.24,1.24,8.16,29.71,77,0,0,29.38,1
2022-03-08T20:25:00-05:00,2022-03-08 20:25:00,32,32,25.9,0,0,8.1,283,0,0,0,1.24,1.24,8.16,29.71,78,0,0,29.38,1
2022-03-08T20:20:00-05:00,2022-03-08 20:20:00,32,32,25.9,0,0,8.1,283,0,0,0,1.24,1.24,8.16,29.7,78,0,0,29.37,1
2022-03-08T20:15:00-05:00,2022-03-08 20:15:00,32.2,32.2,26.4,0,0,8.1,283,0,0,0,1.24,1.24,8.16,29.7,79,0,0,29.37,1
2022-03-08T20:10:00-05:00,2022-03-08 20:10:00,32.5,32.5,25.8,0,0,8.1,283,0,0,0,1.24,1.24,8.16,29.69,76,0,0,29.37,1
2022-03-08T20:05:00-05:00,2022-03-08 20:05:00,32.7,32.7,25.7,0,0,8.1,283,0,0,0,1.24,1.24,8.16,29.69,75,0,0,29.36,1
2022-03-08T20:00:00-05:00,2022-03-08 20:00:00,32.5,32.5,26.1,0,0,8.1,283,0,0,0,1.24,1.24,8.16,29.69,77,0,0,29.36,1
2022-03-08T19:55:00-05:00,2022-03-08 19:55:00,32.7,32.7,25.7,0,0,8.1,283,0,0,0,1.24,1.24,8.16,29.69,75,0,0,29.36,1
2022-03-08T19:50:00-05:00,2022-03-08 19:50:00,32.9,32.9,25.9,0,0,8.1,283,0,0,0,1.24,1.24,8.16,29.69,75,0,0,29.36,1
2022-03-08T19:45:00-05:00,2022-03-08 19:45:00,33.1,33.1,25.7,0,0,8.1,283,0,0,0,1.24,1.24,8.16,29.69,74,0,0,29.37,1
2022-03-08T19:40:00-05:00,2022-03-08 19:40:00,33.3,33.3,25.6,0,0,8.1,283,0,0,0,1.24,1.24,8.16,29.69,73,0,0,29.36,1
2022-03-08T19:35:00-05:00,2022-03-08 19:35:00,33.3,33.3,25.6,0,0,8.1,283,0,0,0,1.24,1.24,8.16,29.68,73,0,0,29.36,1
2022-03-08T19:30:00-05:00,2022-03-08 19:30:00,33.4,33.4,25.7,0,0,8.1,283,0,0,0,1.24,1.24,8.16,29.69,73,0,0,29.36,1
2022-03-08T19:25:00-05:00,2022-03-08 19:25:00,33.6,33.6,25.9,0,0,8.1,283,0,0,0,1.24,1.24,8.16,29.69,73,0,0,29.37,1
2022-03-08T19:20:00-05:00,2022-03-08 19:20:00,33.8,33.8,25.1,0,0,8.1,283,0,0,0,1.24,1.24,8.16,29.7,70,0,0,29.38,1
2022-03-08T19:15:00-05:00,2022-03-08 19:15:00,34,34,25.6,0,0,8.1,283,0,0,0,1.24,1.24,8.16,29.7,71,0,0,29.38,1
2022-03-08T19:10:00-05:00,2022-03-08 19:10:00,34,34,24.9,0,0,8.1,283,0,0,0,1.24,1.24,8.16,29.7,69,0,0,29.38,1
2022-03-08T19:05:00-05:00,2022-03-08 19:05:00,34.2,34.2,25.5,0,0,8.1,283,0,0,0,1.24,1.24,8.16,29.7,70,0,0,29.37,1
2022-03-08T19:00:00-05:00,2022-03-08 19:00:00,34.2,34.2,25.8,0,0,8.1,283,0,0,0,1.24,1.24,8.16,29.71,71,0,0,29.38,1
2022-03-08T18:55:00-05:00,2022-03-08 18:55:00,34.3,34.3,25.9,0,0,8.1,283,0,0,0,1.24,1.24,8.16,29.7,71,0,0,29.38,1
2022-03-08T18:50:00-05:00,2022-03-08 18:50:00,34.7,34.7,25.9,0,0,8.1,283,0,0,0,1.24,1.24,8.16,29.71,70,0,0,29.39,1
2022-03-08T18:45:00-05:00,2022-03-08 18:45:00,35.1,35.1,26,0,0,8.1,283,0,0,0,1.24,1.24,8.16,29.7,69,0,1.7,29.38,1
2022-03-08T18:40:00-05:00,2022-03-08 18:40:00,35.1,35.1,25.6,0,0,8.1,283,0,0,0,1.24,1.24,8.16,29.71,68,0,3.4,29.39,1
2022-03-08T18:35:00-05:00,2022-03-08 18:35:00,35.2,35.2,25.4,0,0,8.1,283,0,0,0,1.24,1.24,8.16,29.72,67,0,5.6,29.39,1
2022-03-08T18:30:00-05:00,2022-03-08 18:30:00,35.6,35.6,25,0,0,8.1,289,0,0,0,1.24,1.24,8.16,29.71,65,0,9.5,29.39,1
2022-03-08T18:25:00-05:00,2022-03-08 18:25:00,35.6,35.6,25.4,0.7,1.1,8.1,290,0,0,0,1.24,1.24,8.16,29.71,66,0,11.6,29.39,1
2022-03-08T18:20:00-05:00,2022-03-08 18:20:00,35.6,35.6,25.4,0.2,1.1,8.1,279,0,0,0,1.24,1.24,8.16,29.72,66,0,16.9,29.39,1
2022-03-08T18:15:00-05:00,2022-03-08 18:15:00,35.6,35.6,25,0,0,8.1,289,0,0,0,1.24,1.24,8.16,29.72,65,0,24.7,29.4,1
2022-03-08T18:10:00-05:00,2022-03-08 18:10:00,35.6,35.6,25.4,0,0,8.1,289,0,0,0,1.24,1.24,8.16,29.73,66,0,28.6,29.4,1
2022-03-08T18:05:00-05:00,2022-03-08 18:05:00,35.8,35.8,25.2,0,0,8.1,274,0,0,0,1.24,1.24,8.16,29.73,65,0,26.4,29.41,1
2022-03-08T18:00:00-05:00,2022-03-08 18:00:00,36.1,36.1,25.1,0.7,1.1,8.1,268,0,0,0,1.24,1.24,8.16,29.72,64,0,35.1,29.4,1
2022-03-08T17:55:00-05:00,2022-03-08 17:55:00,36.1,36.1,25.9,1.1,1.1,8.1,264,0,0,0,1.24,1.24,8.16,29.73,66,0,52.9,29.4,1
2022-03-08T17:50:00-05:00,2022-03-08 17:50:00,36.3,36.3,24.9,1.1,1.1,8.1,310,0,0,0,1.24,1.24,8.16,29.73,63,0,60.2,29.4,1
2022-03-08T17:45:00-05:00,2022-03-08 17:45:00,36.5,36.5,25.5,0.7,1.1,8.1,260,0,0,0,1.24,1.24,8.16,29.73,64,0,56.3,29.41,1
2022-03-08T17:40:00-05:00,2022-03-08 17:40:00,36.5,36.5,25.5,0.7,1.1,8.1,260,0,0,0,1.24,1.24,8.16,29.73,64,0,63.7,29.41,1
2022-03-08T17:35:00-05:00,2022-03-08 17:35:00,36.5,36.5,25.9,0,0,8.1,258,0,0,0,1.24,1.24,8.16,29.74,65,0,64.1,29.41,1
2022-03-08T17:30:00-05:00,2022-03-08 17:30:00,36.5,36.5,25.5,0.7,1.1,8.1,261,0,0,0,1.24,1.24,8.16,29.75,64,0,79.8,29.42,1
2022-03-08T17:25:00-05:00,2022-03-08 17:25:00,36.3,36.3,24.9,0,0,8.1,285,0,0,0,1.24,1.24,8.16,29.74,63,0,72.4,29.42,1
2022-03-08T17:20:00-05:00,2022-03-08 17:20:00,36.1,36.1,25.1,0.2,1.1,8.1,268,0,0,0,1.24,1.24,8.16,29.74,64,0,57.3,29.42,1
2022-03-08T17:15:00-05:00,2022-03-08 17:15:00,36.1,36.1,24.4,0.2,1.1,8.1,281,0,0,0,1.24,1.24,8.16,29.74,62,0,60.2,29.42,1
2022-03-08T17:10:00-05:00,2022-03-08 17:10:00,35.8,35.8,24.5,0.2,1.1,8.1,266,0,0,0,1.24,1.24,8.16,29.74,63,0,71.6,29.42,1
2022-03-08T17:05:00-05:00,2022-03-08 17:05:00,35.8,35.8,24.1,0.2,1.1,8.1,279,0,0,0,1.24,1.24,8.16,29.74,62,0,60.7,29.41,1
2022-03-08T17:00:00-05:00,2022-03-08 17:00:00,35.8,35.8,24.5,1.3,2.2,8.1,260,0,0,0,1.24,1.24,8.16,29.75,63,0,57.6,29.42,1
2022-03-08T16:55:00-05:00,2022-03-08 16:55:00,35.4,35.4,25.2,0.7,1.1,8.1,272,0,0,0,1.24,1.24,8.16,29.75,66,0,65,29.43,1
2022-03-08T16:50:00-05:00,2022-03-08 16:50:00,35.4,35.4,24.5,0.4,1.1,8.1,267,0,0,0,1.24,1.24,8.16,29.77,64,0,65,29.44,1
2022-03-08T16:45:00-05:00,2022-03-08 16:45:00,36.1,36.1,25.9,1.1,1.1,8.1,266,0,0,0,1.24,1.24,8.16,29.77,66,0,70.7,29.45,1
2022-03-08T16:40:00-05:00,2022-03-08 16:40:00,35.6,35.6,24.6,0.7,1.1,8.1,281,0,0,0,1.24,1.24,8.16,29.75,64,0,82.3,29.43,1
2022-03-08T16:35:00-05:00,2022-03-08 16:35:00,35.2,32.4,24.3,3.4,6.9,8.1,65,0,0,0,1.24,1.24,8.16,29.75,64,0,84.5,29.43,1
2022-03-08T16:30:00-05:00,2022-03-08 16:30:00,35.1,35.1,24.5,0.7,1.1,8.1,267,0,0,0,1.24,1.24,8.16,29.76,65,0,78.9,29.44,1
2022-03-08T16:25:00-05:00,2022-03-08 16:25:00,35.2,35.2,24.3,1.1,1.1,8.1,260,0,0,0,1.24,1.24,8.16,29.76,64,0,72.8,29.44,1
2022-03-08T16:20:00-05:00,2022-03-08 16:20:00,35.4,35.4,25.2,1.3,2.2,8.1,219,0,0,0,1.24,1.24,8.16,29.76,66,0,71.9,29.43,1
2022-03-08T16:15:00-05:00,2022-03-08 16:15:00,36,36,25.4,0,0,8.1,267,0,0,0,1.24,1.24,8.16,29.76,65,0,74.1,29.43,1
2022-03-08T16:10:00-05:00,2022-03-08 16:10:00,36.1,36.1,24,0.4,1.1,8.1,285,0,0,0,1.24,1.24,8.16,29.75,61,0,78,29.42,1
2022-03-08T16:05:00-05:00,2022-03-08 16:05:00,36.3,36.3,25.7,0.2,1.1,8.1,270,0,0,0,1.24,1.24,8.16,29.75,65,0,76.7,29.42,1
2022-03-08T16:00:00-05:00,2022-03-08 16:00:00,36.3,36.3,24.2,1.1,1.1,8.1,251,0,0,0,1.24,1.24,8.16,29.75,61,0,78.9,29.42,1
2022-03-08T15:55:00-05:00,2022-03-08 15:55:00,36,36,23.9,0.9,2.2,8.1,341,0,0,0,1.24,1.24,8.16,29.75,61,1,119.6,29.43,1
2022-03-08T15:50:00-05:00,2022-03-08 15:50:00,36.3,36.3,24.5,1.8,2.2,8.1,303,0,0,0,1.24,1.24,8.16,29.77,62,1,126.1,29.44,1
2022-03-08T15:45:00-05:00,2022-03-08 15:45:00,35.6,35.6,25,1.6,2.2,8.1,135,0,0,0,1.24,1.24,8.16,29.75,65,1,147.9,29.43,1
2022-03-08T15:40:00-05:00,2022-03-08 15:40:00,36.3,33.3,24.9,3.8,4.5,8.1,238,0,0,0,1.24,1.24,8.16,29.76,63,1,167,29.44,1
2022-03-08T15:35:00-05:00,2022-03-08 15:35:00,36.9,33.3,25.1,4.5,5.8,8.1,104,0,0,0,1.24,1.24,8.16,29.76,62,3,401.3,29.44,1
2022-03-08T15:30:00-05:00,2022-03-08 15:30:00,37.4,37.4,26,1.3,2.2,8.1,299,0,0,0,1.24,1.24,8.16,29.76,63,4,417.7,29.44,1
2022-03-08T15:25:00-05:00,2022-03-08 15:25:00,36.1,36.1,25.5,2,3.4,8.1,76,0,0,0,1.24,1.24,8.16,29.76,65,4,474.5,29.44,1
2022-03-08T15:20:00-05:00,2022-03-08 15:20:00,37.2,32,24.6,6.7,8.1,8.1,109,0,0,0,1.24,1.24,8.16,29.77,60,4,503.6,29.45,1
2022-03-08T15:15:00-05:00,2022-03-08 15:15:00,37.6,37.6,25.4,1.8,2.2,8.1,247,0,0,0,1.24,1.24,8.16,29.77,61,5,552.6,29.45,1
2022-03-08T15:10:00-05:00,2022-03-08 15:10:00,36.5,36.5,25.9,1.8,2.2,8.1,214,0,0,0,1.24,1.24,8.16,29.78,65,5,564.3,29.45,1
2022-03-08T15:05:00-05:00,2022-03-08 15:05:00,34.9,34.9,24,1.3,2.2,8.1,247,0,0,0,1.24,1.24,8.16,29.78,64,4,492.8,29.45,1
2022-03-08T15:00:00-05:00,2022-03-08 15:00:00,35.1,35.1,24.2,1.3,2.2,8.1,277,0,0,0,1.24,1.24,8.16,29.78,64,1,186.1,29.45,1
2022-03-08T14:55:00-05:00,2022-03-08 14:55:00,37.4,37.4,26,1.3,2.2,8.1,248,0,0,0,1.24,1.24,8.16,29.78,63,1,150,29.46,1
2022-03-08T14:50:00-05:00,2022-03-08 14:50:00,37.4,37.4,26.7,2.2,3.4,8.1,171,0,0,0,1.24,1.24,8.16,29.79,65,6,624.2,29.47,1
2022-03-08T14:45:00-05:00,2022-03-08 14:45:00,38.1,35.1,28.1,4,4.5,8.1,184,0,0,0,1.24,1.24,8.16,29.8,67,6,638.1,29.47,1
2022-03-08T14:40:00-05:00,2022-03-08 14:40:00,38.8,35.9,25.3,4,4.5,8.1,64,0,0,0,1.24,1.24,8.16,29.79,58,6,644.1,29.47,1
2022-03-08T14:35:00-05:00,2022-03-08 14:35:00,37.6,37.6,26.9,0.7,1.1,8.1,259,0,0,0,1.24,1.24,8.16,29.8,65,4,432.4,29.47,1
2022-03-08T14:30:00-05:00,2022-03-08 14:30:00,36.5,36.5,24.3,1.1,2.2,8.1,257,0,0,0,1.24,1.24,8.16,29.8,61,4,427.7,29.48,1
2022-03-08T14:25:00-05:00,2022-03-08 14:25:00,38.7,38.7,26.8,2.2,2.2,8.1,246,0,0,0,1.24,1.24,8.16,29.8,62,5,571.3,29.48,1
2022-03-08T14:20:00-05:00,2022-03-08 14:20:00,37,37,26,1.3,2.2,8.1,277,0,0,0,1.24,1.24,8.16,29.8,64,6,702.3,29.48,1
2022-03-08T14:15:00-05:00,2022-03-08 14:15:00,36.1,36.1,25.9,0.7,1.1,8.1,292,0,0,0,1.24,1.24,8.16,29.81,66,7,743.1,29.49,1
2022-03-08T14:10:00-05:00,2022-03-08 14:10:00,36.3,36.3,24.9,0.9,1.1,8.1,22,0,0,0,1.24,1.24,8.16,29.81,63,2,268.9,29.49,1
2022-03-08T14:05:00-05:00,2022-03-08 14:05:00,36.9,36.9,25.1,0.2,1.1,8.1,265,0,0,0,1.24,1.24,8.16,29.82,62,3,316.6,29.49,1
2022-03-08T14:00:00-05:00,2022-03-08 14:00:00,34.9,34.9,23.6,1.8,2.2,8.1,265,0,0,0,1.24,1.24,8.16,29.81,63,7,757.9,29.49,1
2022-03-08T13:55:00-05:00,2022-03-08 13:55:00,34,34,23.5,2.9,4.5,8.1,66,0,0,0,1.24,1.24,8.16,29.82,65,3,337.9,29.5,1
2022-03-08T13:50:00-05:00,2022-03-08 13:50:00,35.4,35.4,24.5,1.1,1.1,8.1,255,0,0,0,1.24,1.24,8.16,29.82,64,4,414.2,29.5,1
2022-03-08T13:45:00-05:00,2022-03-08 13:45:00,37.6,37.6,24.6,1.8,2.2,8.1,269,0,0,0,1.24,1.24,8.16,29.82,59,7,761.3,29.5,1
2022-03-08T13:40:00-05:00,2022-03-08 13:40:00,35.2,35.2,23.9,0.7,1.1,8.1,271,0,0,0,1.24,1.24,8.16,29.83,63,7,748.3,29.5,1
2022-03-08T13:35:00-05:00,2022-03-08 13:35:00,35.6,35.6,23.9,0.2,1.1,8.1,267,0,0,0,1.24,1.24,8.16,29.84,62,3,389.5,29.51,1
2022-03-08T13:30:00-05:00,2022-03-08 13:30:00,37.2,37.2,25.4,2.5,3.4,8.1,230,0,0,0,1.24,1.24,8.16,29.83,62,4,465,29.51,1
2022-03-08T13:25:00-05:00,2022-03-08 13:25:00,36.1,36.1,25.9,1.8,2.2,8.1,238,0,0,0,1.24,1.24,8.16,29.84,66,3,370.4,29.52,1
2022-03-08T13:20:00-05:00,2022-03-08 13:20:00,34.9,34.9,24.3,0.2,1.1,8.1,274,0,0,0,1.24,1.24,8.16,29.84,65,6,618.5,29.52,1
2022-03-08T13:15:00-05:00,2022-03-08 13:15:00,34.3,34.3,24.1,1.6,2.2,8.1,256,0,0,0,1.24,1.24,8.16,29.85,66,3,328.4,29.52,1
2022-03-08T13:10:00-05:00,2022-03-08 13:10:00,35.1,35.1,24.5,2.5,3.4,8.1,70,0,0,0,1.24,1.24,8.16,29.85,65,3,359.2,29.52,1
2022-03-08T13:05:00-05:00,2022-03-08 13:05:00,35.1,35.1,24.9,0,0,8.1,271,0,0,0,1.24,1.24,8.16,29.86,66,3,362.6,29.53,1
2022-03-08T13:00:00-05:00,2022-03-08 13:00:00,35.2,35.2,26.4,1.1,1.1,8.1,258,0,0,0,1.24,1.24,8.16,29.86,70,3,341.3,29.53,1
2022-03-08T12:55:00-05:00,2022-03-08 12:55:00,34.5,34.5,23.6,0.2,1.1,8.1,263,0,0,0,1.24,1.24,8.16,29.86,64,3,367.4,29.53,1
2022-03-08T12:50:00-05:00,2022-03-08 12:50:00,33.6,33.6,24.2,0.9,1.1,8.1,263,0,0,0,1.24,1.24,8.16,29.86,68,2,304,29.54,1
2022-03-08T12:45:00-05:00,2022-03-08 12:45:00,33.6,33.6,24.5,0.7,1.1,8.1,271,0,0,0,1.24,1.24,8.16,29.87,69,3,348.3,29.54,1
2022-03-08T12:40:00-05:00,2022-03-08 12:40:00,33.6,33.6,23.1,2,3.4,8.1,311,0,0,0,1.24,1.24,8.16,29.87,65,2,297.1,29.55,1
2022-03-08T12:35:00-05:00,2022-03-08 12:35:00,33.6,33.6,24.2,0.9,1.1,8.1,258,0,0,0,1.24,1.24,8.16,29.87,68,2,294.5,29.55,1
2022-03-08T12:30:00-05:00,2022-03-08 12:30:00,33.3,33.3,24.6,0.7,1.1,8.1,259,0,0,0,1.24,1.24,8.16,29.87,70,3,337.9,29.55,1
2022-03-08T12:25:00-05:00,2022-03-08 12:25:00,32.9,32.9,23.2,1.1,1.1,8.1,261,0,0,0,1.24,1.24,8.16,29.88,67,3,329.2,29.55,1
2022-03-08T12:20:00-05:00,2022-03-08 12:20:00,31.8,31.8,24.1,0.4,1.1,8.1,258,0,0,0,1.24,1.24,8.16,29.88,73,2,213,29.55,1
2022-03-08T12:15:00-05:00,2022-03-08 12:15:00,31.6,31.6,22.6,0.9,1.1,8.1,281,0,0,0,1.24,1.24,8.16,29.88,69,2,248.9,29.55,1
2022-03-08T12:10:00-05:00,2022-03-08 12:10:00,31.8,31.8,22.8,0.7,1.1,8.1,280,0,0,0,1.24,1.24,8.16,29.89,69,1,201.2,29.56,1
2022-03-08T12:05:00-05:00,2022-03-08 12:05:00,32.4,32.4,22.7,0,0,8.1,283,0,0,0,1.24,1.24,8.16,29.89,67,2,213.8,29.56,1
2022-03-08T12:00:00-05:00,2022-03-08 12:00:00,32,32,24.3,0.9,1.1,8.1,256,0,0,0,1.24,1.24,8.16,29.89,73,1,196.8,29.57,1
2022-03-08T11:55:00-05:00,2022-03-08 11:55:00,31.3,31.3,23.7,0.9,1.1,8.1,265,0,0,0,1.24,1.24,8.16,29.89,73,1,198.2,29.56,1
2022-03-08T11:50:00-05:00,2022-03-08 11:50:00,31.5,31.5,22.5,1.1,2.2,8.1,271,0,0,0,1.24,1.24,8.16,29.89,69,1,169.1,29.57,1
2022-03-08T11:45:00-05:00,2022-03-08 11:45:00,31.5,31.5,22.2,0,0,8.1,265,0,0,0,1.24,1.24,8.16,29.89,68,1,154.8,29.57,1
2022-03-08T11:40:00-05:00,2022-03-08 11:40:00,31.3,31.3,22,0.2,1.1,8.1,262,0,0,0,1.24,1.24,8.16,29.9,68,1,135.3,29.57,1
2022-03-08T11:35:00-05:00,2022-03-08 11:35:00,31.6,31.6,23,1.8,2.2,8.1,270,0,0,0,1.24,1.24,8.16,29.89,70,1,169.1,29.57,1
2022-03-08T11:30:00-05:00,2022-03-08 11:30:00,31.3,31.3,22.3,1.8,2.2,8.1,255,0,0,0,1.24,1.24,8.16,29.9,69,1,157.4,29.57,1
2022-03-08T11:25:00-05:00,2022-03-08 11:25:00,31.8,31.8,22.5,1.1,1.1,8.1,261,0,0,0,1.24,1.24,8.16,29.9,68,1,162.6,29.57,1
2022-03-08T11:20:00-05:00,2022-03-08 11:20:00,31.3,31.3,24,1.1,1.1,8.1,263,0,0,0,1.24,1.24,8.16,29.9,74,1,167.8,29.58,1
2022-03-08T11:15:00-05:00,2022-03-08 11:15:00,30.9,30.9,21.9,1.1,1.1,8.1,260,0,0,0,1.24,1.24,8.16,29.9,69,1,149.1,29.57,1
2022-03-08T11:10:00-05:00,2022-03-08 11:10:00,30.7,30.7,22.4,0,0,8.1,273,0,0,0,1.24,1.24,8.16,29.9,71,1,151.8,29.58,1
2022-03-08T11:05:00-05:00,2022-03-08 11:05:00,31.1,27.8,22.1,3.4,4.5,8.1,242,0,0,0,1.24,1.24,8.16,29.9,69,1,150.5,29.57,1
2022-03-08T11:00:00-05:00,2022-03-08 11:00:00,31.3,31.3,22,1.3,2.2,8.1,257,0,0,0,1.24,1.24,8.16,29.9,68,1,148.8,29.57,1
2022-03-08T10:55:00-05:00,2022-03-08 10:55:00,31.3,31.3,22.7,0.9,2.2,8.1,263,0,0,0,1.24,1.24,8.16,29.9,70,1,167,29.58,1
2022-03-08T10:50:00-05:00,2022-03-08 10:50:00,31.1,31.1,22.1,1.1,1.1,8.1,266,0,0,0,1.24,1.24,8.16,29.89,69,1,172.6,29.57,1
2022-03-08T10:45:00-05:00,2022-03-08 10:45:00,30.9,30.9,22.3,0.7,1.1,8.1,275,0,0,0,1.24,1.24,8.16,29.9,70,1,156.6,29.57,1
2022-03-08T10:40:00-05:00,2022-03-08 10:40:00,30.6,26.9,22,3.6,4.5,8.1,88,0,0,0,1.24,1.24,8.16,29.9,70,1,167,29.58,1
2022-03-08T10:35:00-05:00,2022-03-08 10:35:00,30.4,30.4,22.1,0.9,1.1,8.1,265,0,0,0,1.24,1.24,8.16,29.9,71,1,143.1,29.57,1
2022-03-08T10:30:00-05:00,2022-03-08 10:30:00,30.4,30.4,22.1,1.8,2.2,8.1,215,0,0,0,1.24,1.24,8.16,29.9,71,1,143.5,29.58,1
2022-03-08T10:25:00-05:00,2022-03-08 10:25:00,30.4,30.4,22.8,1.6,2.2,8.1,247,0,0,0,1.24,1.24,8.16,29.9,73,1,140.9,29.57,1
2022-03-08T10:20:00-05:00,2022-03-08 10:20:00,30.4,30.4,21.5,0.7,1.1,8.1,265,0,0,0,1.24,1.24,8.16,29.9,69,1,133.9,29.57,1
2022-03-08T10:15:00-05:00,2022-03-08 10:15:00,30,30,21.4,0.9,1.1,8.1,267,0,0,0,1.24,1.24,8.16,29.9,70,1,144.8,29.57,1
2022-03-08T10:10:00-05:00,2022-03-08 10:10:00,30,30,22.4,2.2,3.4,8.1,219,0,0,0,1.24,1.24,8.16,29.9,73,1,143.5,29.57,1
2022-03-08T10:05:00-05:00,2022-03-08 10:05:00,30.2,30.2,20.6,0.4,1.1,8.1,275,0,0,0,1.24,1.24,8.16,29.9,67,1,153.9,29.57,1
2022-03-08T10:00:00-05:00,2022-03-08 10:00:00,29.8,29.8,20.5,1.1,1.1,8.1,251,0,0,0,1.24,1.24,8.16,29.9,68,1,143.1,29.57,1
2022-03-08T09:55:00-05:00,2022-03-08 09:55:00,29.8,29.8,20.5,0.9,1.1,8.1,285,0,0,0,1.24,1.24,8.16,29.9,68,1,135.7,29.57,1
2022-03-08T09:50:00-05:00,2022-03-08 09:50:00,29.8,29.8,20.9,0.2,1.1,8.1,266,0,0,0,1.24,1.24,8.16,29.9,69,1,130.9,29.58,1
2022-03-08T09:45:00-05:00,2022-03-08 09:45:00,29.7,29.7,21.5,0.2,1.1,8.1,259,0,0,0,1.24,1.24,8.16,29.9,71,1,151,29.58,1
2022-03-08T09:40:00-05:00,2022-03-08 09:40:00,29.5,29.5,20.9,0,0,8.1,263,0,0,0,1.24,1.24,8.16,29.91,70,1,133.9,29.58,1
2022-03-08T09:35:00-05:00,2022-03-08 09:35:00,29.3,29.3,20.8,0.9,1.1,8.1,264,0,0,0,1.24,1.24,8.16,29.91,70,1,133.1,29.58,1
2022-03-08T09:30:00-05:00,2022-03-08 09:30:00,29.3,29.3,20.4,0.9,1.1,8.1,279,0,0,0,1.24,1.24,8.16,29.91,69,1,107.9,29.58,1
2022-03-08T09:25:00-05:00,2022-03-08 09:25:00,28.8,28.8,21.3,0.9,1.1,8.1,262,0,0,0,1.24,1.24,8.16,29.9,73,1,102.8,29.58,1
2022-03-08T09:20:00-05:00,2022-03-08 09:20:00,28.8,28.8,20.9,0,0,8.1,266,0,0,0,1.24,1.24,8.16,29.9,72,0,82.8,29.58,1
2022-03-08T09:15:00-05:00,2022-03-08 09:15:00,28.8,28.8,19.6,0,0,8.1,277,0,0,0,1.24,1.24,8.16,29.91,68,0,80.3,29.58,1
2022-03-08T09:10:00-05:00,2022-03-08 09:10:00,28.8,28.8,20.6,0.2,1.1,8.1,265,0,0,0,1.24,1.24,8.16,29.9,71,0,100.2,29.57,1
2022-03-08T09:05:00-05:00,2022-03-08 09:05:00,28.4,28.4,20.2,0,0,8.1,262,0,0,0,1.24,1.24,8.16,29.91,71,0,84,29.58,1
2022-03-08T09:00:00-05:00,2022-03-08 09:00:00,28.2,28.2,20.4,0.7,1.1,8.1,259,0,0,0,1.24,1.24,8.16,29.91,72,0,70.7,29.58,1
2022-03-08T08:55:00-05:00,2022-03-08 08:55:00,28,28,20.5,1.1,1.1,8.1,249,0,1.24,0,1.24,1.24,8.16,29.9,73,0,67.2,29.57,1
2022-03-08T08:50:00-05:00,2022-03-08 08:50:00,28.4,28.4,21.2,0,0,8.1,261,0,1.24,0,1.24,1.24,8.16,29.9,74,0,56.3,29.58,1
2022-03-08T08:45:00-05:00,2022-03-08 08:45:00,28.2,28.2,20.7,0.2,1.1,8.1,275,0,1.24,0,1.24,1.24,8.16,29.9,73,0,44.6,29.58,1
2022-03-08T08:40:00-05:00,2022-03-08 08:40:00,28.2,28.2,21,0,0,8.1,261,0,1.24,0,1.24,1.24,8.16,29.91,74,0,36.3,29.58,1
2022-03-08T08:35:00-05:00,2022-03-08 08:35:00,28,28,21.1,0,0,8.1,263,0,1.24,0,1.24,1.24,8.16,29.9,75,0,32,29.58,1
2022-03-08T08:30:00-05:00,2022-03-08 08:30:00,28,28,20.5,0.2,1.1,8.1,259,0,1.24,0,1.24,1.24,8.16,29.91,73,0,29.9,29.58,1
2022-03-08T08:25:00-05:00,2022-03-08 08:25:00,28,28,21.4,0.2,1.1,8.1,261,0,1.24,0,1.24,1.24,8.16,29.91,76,0,27.3,29.58,1
2022-03-08T08:20:00-05:00,2022-03-08 08:20:00,28,28,20.5,0,0,8.1,291,0,1.24,0,1.24,1.24,8.16,29.91,73,0,30.7,29.58,1
2022-03-08T08:15:00-05:00,2022-03-08 08:15:00,27.9,27.9,20.4,0,0,8.1,268,0,1.24,0,1.24,1.24,8.16,29.9,73,0,24.7,29.57,1
2022-03-08T08:10:00-05:00,2022-03-08 08:10:00,27.7,27.7,20.5,0,0,8.1,274,0,1.24,0,1.24,1.24,8.16,29.91,74,0,17.7,29.58,1
2022-03-08T08:05:00-05:00,2022-03-08 08:05:00,27.5,27.5,20,0.9,1.1,8.1,281,0,1.24,0,1.24,1.24,8.16,29.9,73,0,16.9,29.57,1
2022-03-08T08:00:00-05:00,2022-03-08 08:00:00,27.5,27.5,20.3,1.8,2.2,8.1,315,0,1.24,0,1.24,1.24,8.16,29.9,74,0,14.7,29.57,1
2022-03-08T07:55:00-05:00,2022-03-08 07:55:00,27.9,27.9,21,0,0,8.1,259,0,1.24,0,1.24,1.24,8.16,29.89,75,0,13.8,29.57,1
2022-03-08T07:50:00-05:00,2022-03-08 07:50:00,27.7,27.7,20.8,0,0,8.1,259,0,1.24,0,1.24,1.24,8.16,29.9,75,0,12.1,29.57,1
2022-03-08T07:45:00-05:00,2022-03-08 07:45:00,27.7,27.7,20.5,0.2,1.1,8.1,257,0,1.24,0,1.24,1.24,8.16,29.9,74,0,8.6,29.57,1
2022-03-08T07:40:00-05:00,2022-03-08 07:40:00,27.5,27.5,20,0,0,8.1,272,0,1.24,0,1.24,1.24,8.16,29.89,73,0,6,29.57,1
2022-03-08T07:35:00-05:00,2022-03-08 07:35:00,27.7,27.7,20.2,0,0,8.1,273,0,1.24,0,1.24,1.24,8.16,29.89,73,0,4.3,29.57,1
2022-03-08T07:30:00-05:00,2022-03-08 07:30:00,27.7,27.7,20.5,0,0,8.1,271,0,1.24,0,1.24,1.24,8.16,29.89,74,0,3.4,29.57,1
2022-03-08T07:25:00-05:00,2022-03-08 07:25:00,27.7,27.7,20.5,0,0,8.1,271,0,1.24,0,1.24,1.24,8.16,29.89,74,0,2.6,29.57,1
2022-03-08T07:20:00-05:00,2022-03-08 07:20:00,27.7,27.7,20.2,0.7,1.1,8.1,271,0,1.24,0,1.24,1.24,8.16,29.89,73,0,1.7,29.57,1
2022-03-08T07:15:00-05:00,2022-03-08 07:15:00,27.7,27.7,20.2,0,0,8.1,288,0,1.24,0,1.24,1.24,8.16,29.89,73,0,0.8,29.57,1
2022-03-08T07:10:00-05:00,2022-03-08 07:10:00,27.5,27.5,20,0,0,8.1,288,0,1.24,0,1.24,1.24,8.16,29.89,73,0,0,29.56,1
2022-03-08T07:05:00-05:00,2022-03-08 07:05:00,27.5,27.5,20,0,0,8.1,288,0,1.24,0,1.24,1.24,8.16,29.89,73,0,0,29.57,1
2022-03-08T07:00:00-05:00,2022-03-08 07:00:00,27.7,27.7,20.5,1.8,2.2,8.1,262,0,1.24,0,1.24,1.24,8.16,29.89,74,0,0,29.56,1
2022-03-08T06:55:00-05:00,2022-03-08 06:55:00,27.7,27.7,20.8,0,0,8.1,261,0,1.24,0,1.24,1.24,8.16,29.89,75,0,0,29.57,1
2022-03-08T06:50:00-05:00,2022-03-08 06:50:00,27.7,27.7,20.2,0.2,1.1,8.1,261,0,1.24,0,1.24,1.24,8.16,29.88,73,0,0,29.56,1
2022-03-08T06:45:00-05:00,2022-03-08 06:45:00,27.9,27.9,20.7,0,0,8.1,261,0,1.24,0,1.24,1.24,8.16,29.89,74,0,0,29.56,1
2022-03-08T06:40:00-05:00,2022-03-08 06:40:00,27.9,27.9,21,0,0,8.1,261,0,1.24,0,1.24,1.24,8.16,29.89,75,0,0,29.57,1
2022-03-08T06:35:00-05:00,2022-03-08 06:35:00,27.9,27.9,20.7,0,0,8.1,261,0,1.24,0,1.24,1.24,8.16,29.89,74,0,0,29.57,1
2022-03-08T06:30:00-05:00,2022-03-08 06:30:00,27.9,27.9,20.1,1.1,1.1,8.1,259,0,1.24,0,1.24,1.24,8.16,29.89,72,0,0,29.56,1
2022-03-08T06:25:00-05:00,2022-03-08 06:25:00,27.9,27.9,20.7,0.4,1.1,8.1,273,0,1.24,0,1.24,1.24,8.16,29.89,74,0,0,29.56,1
2022-03-08T06:20:00-05:00,2022-03-08 06:20:00,28,28,20.8,0.9,2.2,8.1,267,0,1.24,0,1.24,1.24,8.16,29.89,74,0,0,29.57,1
2022-03-08T06:15:00-05:00,2022-03-08 06:15:00,28,28,20.8,1.3,2.2,8.1,269,0,1.24,0,1.24,1.24,8.16,29.89,74,0,0,29.56,1
2022-03-08T06:10:00-05:00,2022-03-08 06:10:00,28.2,28.2,21.6,1.1,1.1,8.1,272,0,1.24,0,1.24,1.24,8.16,29.88,76,0,0,29.56,1
2022-03-08T06:05:00-05:00,2022-03-08 06:05:00,28.2,28.2,21.6,0.9,1.1,8.1,275,0,1.24,0,1.24,1.24,8.16,29.88,76,0,0,29.55,1
2022-03-08T06:00:00-05:00,2022-03-08 06:00:00,28.4,28.4,22.1,0,0,8.1,273,0,1.24,0,1.24,1.24,8.16,29.88,77,0,0,29.56,1
2022-03-08T05:55:00-05:00,2022-03-08 05:55:00,28.4,28.4,21.5,0,0,8.1,274,0,1.24,0,1.24,1.24,8.16,29.88,75,0,0,29.56,1
2022-03-08T05:50:00-05:00,2022-03-08 05:50:00,28.4,28.4,21.5,0,0,8.1,274,0,1.24,0,1.24,1.24,8.16,29.88,75,0,0,29.56,1
2022-03-08T05:45:00-05:00,2022-03-08 05:45:00,28.4,28.4,21.2,0,0,8.1,273,0,1.24,0,1.24,1.24,8.16,29.88,74,0,0,29.56,1
2022-03-08T05:40:00-05:00,2022-03-08 05:40:00,28.4,28.4,21.5,0.4,1.1,8.1,273,0,1.24,0,1.24,1.24,8.16,29.88,75,0,0,29.56,1
2022-03-08T05:35:00-05:00,2022-03-08 05:35:00,28.6,28.6,21.7,0,0,8.1,282,0,1.24,0,1.24,1.24,8.16,29.88,75,0,0,29.55,1
2022-03-08T05:30:00-05:00,2022-03-08 05:30:00,28.6,28.6,22.3,0,0,8.1,280,0,1.24,0,1.24,1.24,8.16,29.88,77,0,0,29.55,1
2022-03-08T05:25:00-05:00,2022-03-08 05:25:00,28.6,28.6,21.7,0,0,8.1,280,0,1.24,0,1.24,1.24,8.16,29.88,75,0,0,29.55,1
2022-03-08T05:20:00-05:00,2022-03-08 05:20:00,28.4,28.4,21.2,0,0,8.1,280,0,1.24,0,1.24,1.24,8.16,29.88,74,0,0,29.55,1
2022-03-08T05:15:00-05:00,2022-03-08 05:15:00,28.4,28.4,21.2,0,0,8.1,281,0,1.24,0,1.24,1.24,8.16,29.88,74,0,0,29.55,1
2022-03-08T05:10:00-05:00,2022-03-08 05:10:00,28.4,28.4,21.5,0,0,8.1,281,0,1.24,0,1.24,1.24,8.16,29.88,75,0,0,29.55,1
2022-03-08T05:05:00-05:00,2022-03-08 05:05:00,28.6,28.6,21.7,0,0,8.1,288,0,1.24,0,1.24,1.24,8.16,29.88,75,0,0,29.55,1
2022-03-08T05:00:00-05:00,2022-03-08 05:00:00,28.6,28.6,21.4,0,0,8.1,275,0,1.24,0,1.24,1.24,8.16,29.88,74,0,0,29.55,1
2022-03-08T04:55:00-05:00,2022-03-08 04:55:00,28.8,28.8,21.3,0.7,1.1,8.1,287,0,1.24,0,1.24,1.24,8.16,29.88,73,0,0,29.56,1
2022-03-08T04:50:00-05:00,2022-03-08 04:50:00,28.9,28.9,21.7,0,0,8.1,262,0,1.24,0,1.24,1.24,8.16,29.89,74,0,0,29.56,1
2022-03-08T04:45:00-05:00,2022-03-08 04:45:00,28.8,28.8,21.9,0.2,1.1,8.1,262,0,1.24,0,1.24,1.24,8.16,29.89,75,0,0,29.56,1
2022-03-08T04:40:00-05:00,2022-03-08 04:40:00,28.9,28.9,21.4,0,0,8.1,264,0,1.24,0,1.24,1.24,8.16,29.88,73,0,0,29.55,1
2022-03-08T04:35:00-05:00,2022-03-08 04:35:00,28.9,28.9,21.4,0,0,8.1,266,0,1.24,0,1.24,1.24,8.16,29.88,73,0,0,29.55,1
2022-03-08T04:30:00-05:00,2022-03-08 04:30:00,28.9,28.9,21.7,0.9,1.1,8.1,268,0,1.24,0,1.24,1.24,8.16,29.88,74,0,0,29.56,1
2022-03-08T04:25:00-05:00,2022-03-08 04:25:00,28.9,28.9,22,2.2,2.2,8.1,268,0,1.24,0,1.24,1.24,8.16,29.88,75,0,0,29.55,1
2022-03-08T04:20:00-05:00,2022-03-08 04:20:00,29.1,29.1,21.9,0,0,8.1,269,0,1.24,0,1.24,1.24,8.16,29.88,74,0,0,29.55,1
2022-03-08T04:15:00-05:00,2022-03-08 04:15:00,29.1,29.1,22.2,0.2,1.1,8.1,267,0,1.24,0,1.24,1.24,8.16,29.88,75,0,0,29.55,1
2022-03-08T04:10:00-05:00,2022-03-08 04:10:00,29.1,29.1,22.5,0,0,8.1,267,0,1.24,0,1.24,1.24,8.16,29.87,76,0,0,29.55,1
2022-03-08T04:05:00-05:00,2022-03-08 04:05:00,29.1,29.1,21.9,2.5,3.4,8.1,265,0,1.24,0,1.24,1.24,8.16,29.88,74,0,0,29.55,1
2022-03-08T04:00:00-05:00,2022-03-08 04:00:00,29.1,29.1,22.8,1.3,2.2,8.1,269,0,1.24,0,1.24,1.24,8.16,29.87,77,0,0,29.55,1
2022-03-08T03:55:00-05:00,2022-03-08 03:55:00,29.1,29.1,22.5,0,0,8.1,260,0,1.24,0,1.24,1.24,8.16,29.88,76,0,0,29.55,1
2022-03-08T03:50:00-05:00,2022-03-08 03:50:00,29.1,29.1,22.8,0.9,1.1,8.1,260,0,1.24,0,1.24,1.24,8.16,29.87,77,0,0,29.54,1
2022-03-08T03:45:00-05:00,2022-03-08 03:45:00,29.1,29.1,22.2,1.3,2.2,8.1,260,0,1.24,0,1.24,1.24,8.16,29.88,75,0,0,29.55,1
2022-03-08T03:40:00-05:00,2022-03-08 03:40:00,29.1,29.1,21.9,0,0,8.1,260,0,1.24,0,1.24,1.24,8.16,29.88,74,0,0,29.55,1
2022-03-08T03:35:00-05:00,2022-03-08 03:35:00,29.1,29.1,22.2,1.1,1.1,8.1,260,0,1.24,0,1.24,1.24,8.16,29.88,75,0,0,29.55,1
2022-03-08T03:30:00-05:00,2022-03-08 03:30:00,29.1,29.1,22.2,0,0,8.1,260,0,1.24,0,1.24,1.24,8.16,29.87,75,0,0,29.55,1
2022-03-08T03:25:00-05:00,2022-03-08 03:25:00,29.1,29.1,21.5,0.7,1.1,8.1,260,0,1.24,0,1.24,1.24,8.16,29.88,73,0,0,29.55,1
2022-03-08T03:20:00-05:00,2022-03-08 03:20:00,29.3,29.3,22.7,0,0,8.1,264,0,1.24,0,1.24,1.24,8.16,29.87,76,0,0,29.55,1
2022-03-08T03:15:00-05:00,2022-03-08 03:15:00,29.3,29.3,22.7,0,0,8.1,269,0,1.24,0,1.24,1.24,8.16,29.88,76,0,0,29.55,1
2022-03-08T03:10:00-05:00,2022-03-08 03:10:00,29.3,29.3,22.1,0.2,1.1,8.1,271,0,1.24,0,1.24,1.24,8.16,29.88,74,0,0,29.55,1
2022-03-08T03:05:00-05:00,2022-03-08 03:05:00,29.3,29.3,22.7,0.7,1.1,8.1,273,0,1.24,0,1.24,1.24,8.16,29.88,76,0,0,29.56,1
2022-03-08T03:00:00-05:00,2022-03-08 03:00:00,29.3,29.3,22.7,0.2,1.1,8.1,265,0,1.24,0,1.24,1.24,8.16,29.88,76,0,0,29.56,1
2022-03-08T02:55:00-05:00,2022-03-08 02:55:00,29.3,29.3,22.1,1.3,2.2,8.1,260,0,1.24,0,1.24,1.24,8.16,29.88,74,0,0,29.56,1
2022-03-08T02:50:00-05:00,2022-03-08 02:50:00,29.3,29.3,22.4,1.3,2.2,8.1,260,0,1.24,0,1.24,1.24,8.16,29.89,75,0,0,29.56,1
2022-03-08T02:45:00-05:00,2022-03-08 02:45:00,29.5,29.5,22.3,0.2,1.1,8.1,261,0,1.24,0,1.24,1.24,8.16,29.89,74,0,0,29.56,1
2022-03-08T02:40:00-05:00,2022-03-08 02:40:00,29.5,24.9,22.6,4.3,6.9,8.1,262,0,1.24,0,1.24,1.24,8.16,29.89,75,0,0,29.56,1
2022-03-08T02:35:00-05:00,2022-03-08 02:35:00,29.7,29.7,22.8,0.2,1.1,8.1,265,0,1.24,0,1.24,1.24,8.16,29.89,75,0,0,29.56,1
2022-03-08T02:30:00-05:00,2022-03-08 02:30:00,29.7,29.7,23.4,1.6,2.2,8.1,263,0,1.24,0,1.24,1.24,8.16,29.89,77,0,0,29.56,1
2022-03-08T02:25:00-05:00,2022-03-08 02:25:00,29.8,29.8,22.5,1.6,3.4,8.1,263,0,1.24,0,1.24,1.24,8.16,29.88,74,0,0,29.56,1
2022-03-08T02:20:00-05:00,2022-03-08 02:20:00,29.7,29.7,23.1,1.8,2.2,8.1,281,0,1.24,0,1.24,1.24,8.16,29.88,76,0,0,29.55,1
2022-03-08T02:15:00-05:00,2022-03-08 02:15:00,29.7,29.7,23.1,0.7,1.1,8.1,274,0,1.24,0,1.24,1.24,8.16,29.88,76,0,0,29.56,1
2022-03-08T02:10:00-05:00,2022-03-08 02:10:00,29.8,29.8,23.8,0.9,1.1,8.1,267,0,1.24,0,1.24,1.24,8.16,29.88,78,0,0,29.56,1
2022-03-08T02:05:00-05:00,2022-03-08 02:05:00,30,30,24,0.2,1.1,8.1,265,0,1.24,0,1.24,1.24,8.16,29.88,78,0,0,29.55,1
2022-03-08T02:00:00-05:00,2022-03-08 02:00:00,29.8,29.8,23.5,0.2,1.1,8.1,268,0,1.24,0,1.24,1.24,8.16,29.88,77,0,0,29.55,1
2022-03-08T01:55:00-05:00,2022-03-08 01:55:00,29.8,29.8,23.5,0,0,8.1,273,0,1.24,0,1.24,1.24,8.16,29.88,77,0,0,29.55,1
2022-03-08T01:50:00-05:00,2022-03-08 01:50:00,29.8,29.8,22.9,0,0,8.1,273,0,1.24,0,1.24,1.24,8.16,29.87,75,0,0,29.55,1
2022-03-08T01:45:00-05:00,2022-03-08 01:45:00,29.7,29.7,22.8,0.9,1.1,8.1,290,0,1.24,0,1.24,1.24,8.16,29.88,75,0,0,29.56,1
2022-03-08T01:40:00-05:00,2022-03-08 01:40:00,29.8,29.8,22.5,0.2,1.1,8.1,268,0,1.24,0,1.24,1.24,8.16,29.88,74,0,0,29.55,1
2022-03-08T01:35:00-05:00,2022-03-08 01:35:00,30,30,24,0.2,1.1,8.1,279,0,1.24,0,1.24,1.24,8.16,29.88,78,0,0,29.55,1
2022-03-08T01:30:00-05:00,2022-03-08 01:30:00,30,30,23.4,0,0,8.1,271,0,1.24,0,1.24,1.24,8.16,29.87,76,0,0,29.55,1
2022-03-08T01:25:00-05:00,2022-03-08 01:25:00,30.2,30.2,23.9,0.7,1.1,8.1,270,0,1.24,0,1.24,1.24,8.16,29.88,77,0,0,29.55,1
2022-03-08T01:20:00-05:00,2022-03-08 01:20:00,30.2,30.2,23.6,0.7,1.1,8.1,271,0,1.24,0,1.24,1.24,8.16,29.87,76,0,0,29.55,1
2022-03-08T01:15:00-05:00,2022-03-08 01:15:00,30,30,23.1,0,0,8.1,264,0,1.24,0,1.24,1.24,8.16,29.88,75,0,0,29.55,1
2022-03-08T01:10:00-05:00,2022-03-08 01:10:00,30,30,23.1,1.3,2.2,8.1,268,0,1.24,0,1.24,1.24,8.16,29.87,75,0,0,29.55,1
2022-03-08T01:05:00-05:00,2022-03-08 01:05:00,30,30,23.4,0,0,8.1,281,0,1.24,0,1.24,1.24,8.16,29.88,76,0,0,29.55,1
2022-03-08T01:00:00-05:00,2022-03-08 01:00:00,30,30,22.7,2.2,2.2,8.1,265,0,1.24,0,1.24,1.24,8.16,29.87,74,0,0,29.55,1
2022-03-08T00:55:00-05:00,2022-03-08 00:55:00,30.2,30.2,23.2,1.3,2.2,8.1,273,0,1.24,0,1.24,1.24,8.16,29.88,75,0,0,29.55,1
2022-03-08T00:50:00-05:00,2022-03-08 00:50:00,30,30,22.7,0.2,1.1,8.1,283,0,1.24,0,1.24,1.24,8.16,29.88,74,0,0,29.56,1
2022-03-08T00:45:00-05:00,2022-03-08 00:45:00,30.2,30.2,22.6,2,3.4,8.1,265,0,1.24,0,1.24,1.24,8.16,29.88,73,0,0,29.56,1
2022-03-08T00:40:00-05:00,2022-03-08 00:40:00,30.4,30.4,23.1,1.8,2.2,5.8,269,0,1.24,0,1.24,1.24,8.16,29.87,74,0,0,29.55,1
2022-03-08T00:35:00-05:00,2022-03-08 00:35:00,30.4,30.4,23.1,1.1,2.2,3.4,268,0,1.24,0,1.24,1.24,8.16,29.88,74,0,0,29.55,1
2022-03-08T00:30:00-05:00,2022-03-08 00:30:00,30.6,30.6,23,0.7,1.1,3.4,266,0,1.24,0,1.24,1.24,8.16,29.88,73,0,0,29.55,1
2022-03-08T00:25:00-05:00,2022-03-08 00:25:00,30.6,30.6,23.3,0.2,1.1,3.4,268,0,1.24,0,1.24,1.24,8.16,29.87,74,0,0,29.55,1
2022-03-08T00:20:00-05:00,2022-03-08 00:20:00,30.7,30.7,23.7,0.9,1.1,3.4,268,0,1.24,0,1.24,1.24,8.16,29.87,75,0,0,29.55,1
2022-03-08T00:15:00-05:00,2022-03-08 00:15:00,30.7,30.7,23.1,1.8,2.2,3.4,264,0,1.24,0,1.24,1.24,8.16,29.88,73,0,0,29.55,1
2022-03-08T00:10:00-05:00,2022-03-08 00:10:00,30.7,30.7,23.4,0,0,3.4,269,0,1.24,0,1.24,1.24,8.16,29.88,74,0,0,29.55,1
2022-03-08T00:05:00-05:00,2022-03-08 00:05:00,30.7,30.7,23.1,0.9,1.1,3.4,267,0,1.24,0,1.24,1.24,8.16,29.88,73,0,0,29.55,1
2022-03-08T00:00:00-05:00,2022-03-08 00:00:00,30.7,30.7,23.4,0.2,1.1,1.1,268,0,1.24,0,1.24,1.24,8.16,29.88,74,0,0,29.55,1
2022-03-07T23:55:00-05:00,2022-03-07 23:55:00,30.7,30.7,23.4,0.9,1.1,10.3,263,0,1.24,0.87,1.24,1.24,8.16,29.87,74,0,0,29.55,1
2022-03-07T23:50:00-05:00,2022-03-07 23:50:00,30.9,30.9,23.6,0,0,10.3,267,0,1.24,0.87,1.24,1.24,8.16,29.87,74,0,0,29.55,1
2022-03-07T23:45:00-05:00,2022-03-07 23:45:00,30.9,30.9,23.6,2.2,3.4,10.3,270,0,1.24,0.87,1.24,1.24,8.16,29.88,74,0,0,29.55,1
2022-03-07T23:40:00-05:00,2022-03-07 23:40:00,30.9,30.9,23.3,1.8,2.2,10.3,269,0,1.24,0.87,1.24,1.24,8.16,29.87,73,0,0,29.54,1
2022-03-07T23:35:00-05:00,2022-03-07 23:35:00,31.1,31.1,24.1,1.8,2.2,10.3,278,0,1.24,0.87,1.24,1.24,8.16,29.87,75,0,0,29.54,1
2022-03-07T23:30:00-05:00,2022-03-07 23:30:00,31.3,31.3,24.3,2.2,3.4,10.3,263,0,1.24,0.87,1.24,1.24,8.16,29.87,75,0,0,29.55,1
2022-03-07T23:25:00-05:00,2022-03-07 23:25:00,31.3,31.3,24,0,0,10.3,279,0,1.24,0.87,1.24,1.24,8.16,29.87,74,0,0,29.55,1
2022-03-07T23:20:00-05:00,2022-03-07 23:20:00,31.3,31.3,24.3,0,0,10.3,265,0,1.24,0.87,1.24,1.24,8.16,29.87,75,0,0,29.54,1
2022-03-07T23:15:00-05:00,2022-03-07 23:15:00,31.5,31.5,24.2,2.2,3.4,10.3,258,0,1.24,0.87,1.24,1.24,8.16,29.87,74,0,0,29.54,1
2022-03-07T23:10:00-05:00,2022-03-07 23:10:00,31.5,31.5,24.2,0,0,10.3,264,0,1.24,0.87,1.24,1.24,8.16,29.86,74,0,0,29.54,1
2022-03-07T23:05:00-05:00,2022-03-07 23:05:00,31.5,31.5,24.2,0.4,1.1,10.3,267,0,1.24,0.87,1.24,1.24,8.16,29.87,74,0,0,29.54,1
2022-03-07T23:00:00-05:00,2022-03-07 23:00:00,31.6,31.6,24,1.6,2.2,10.3,267,0,1.24,0.87,1.24,1.24,8.16,29.87,73,0,0,29.54,1
2022-03-07T22:55:00-05:00,2022-03-07 22:55:00,31.5,31.5,23.5,0,0,10.3,283,0,1.24,0.87,1.24,1.24,8.16,29.87,72,0,0,29.54,1
2022-03-07T22:50:00-05:00,2022-03-07 22:50:00,31.5,31.5,23.5,0,0,10.3,285,0,1.24,0.87,1.24,1.24,8.16,29.86,72,0,0,29.54,1
2022-03-07T22:45:00-05:00,2022-03-07 22:45:00,31.6,31.6,24.3,0.9,2.2,10.3,264,0,1.24,0.87,1.24,1.24,8.16,29.86,74,0,0,29.54,1
2022-03-07T22:40:00-05:00,2022-03-07 22:40:00,31.6,31.6,24.3,0.9,1.1,10.3,271,0,1.24,0.87,1.24,1.24,8.16,29.86,74,0,0,29.54,1
2022-03-07T22:35:00-05:00,2022-03-07 22:35:00,31.6,31.6,24,0.9,1.1,10.3,273,0,1.24,0.87,1.24,1.24,8.16,29.85,73,0,0,29.53,1
2022-03-07T22:30:00-05:00,2022-03-07 22:30:00,31.6,31.6,24.6,0.7,1.1,10.3,276,0,1.24,0.87,1.24,1.24,8.16,29.85,75,0,0,29.53,1
2022-03-07T22:25:00-05:00,2022-03-07 22:25:00,31.8,31.8,24.5,0.7,1.1,10.3,289,0,1.24,0.87,1.24,1.24,8.16,29.86,74,0,0,29.53,1
2022-03-07T22:20:00-05:00,2022-03-07 22:20:00,31.8,31.8,24.1,0.2,1.1,10.3,289,0,1.24,0.87,1.24,1.24,8.16,29.85,73,0,0,29.53,1
2022-03-07T22:15:00-05:00,2022-03-07 22:15:00,31.8,31.8,24.8,1.1,2.2,10.3,281,0,1.24,0.87,1.24,1.24,8.16,29.85,75,0,0,29.52,1
2022-03-07T22:10:00-05:00,2022-03-07 22:10:00,31.8,31.8,24.1,0.7,1.1,10.3,267,0,1.24,0.87,1.24,1.24,8.16,29.85,73,0,0,29.52,1
2022-03-07T22:05:00-05:00,2022-03-07 22:05:00,32,32,25.3,0.9,2.2,10.3,269,0,1.24,0.87,1.24,1.24,8.16,29.85,76,0,0,29.52,1
2022-03-07T22:00:00-05:00,2022-03-07 22:00:00,32,32,25.3,0.9,2.2,10.3,266,0,1.24,0.87,1.24,1.24,8.16,29.84,76,0,0,29.51,1
2022-03-07T21:55:00-05:00,2022-03-07 21:55:00,32,32,25.6,1.8,3.4,10.3,278,0,1.24,0.87,1.24,1.24,8.16,29.84,77,0,0,29.52,1
2022-03-07T21:50:00-05:00,2022-03-07 21:50:00,32,32,25.6,1.1,2.2,10.3,290,0,1.24,0.87,1.24,1.24,8.16,29.84,77,0,0,29.52,1
2022-03-07T21:45:00-05:00,2022-03-07 21:45:00,32,32,26.5,0,0,10.3,270,0,1.24,0.87,1.24,1.24,8.16,29.84,80,0,0,29.51,1
2022-03-07T21:40:00-05:00,2022-03-07 21:40:00,32,32,26.5,0,0,10.3,263,0,1.24,0.87,1.24,1.24,8.16,29.84,80,0,0,29.51,1
2022-03-07T21:35:00-05:00,2022-03-07 21:35:00,32,32,26.8,0.9,1.1,10.3,274,0,1.24,0.87,1.24,1.24,8.16,29.84,81,0,0,29.52,1
2022-03-07T21:30:00-05:00,2022-03-07 21:30:00,32.2,32.2,27,1.8,2.2,10.3,268,0,1.24,0.87,1.24,1.24,8.16,29.84,81,0,0,29.51,1
2022-03-07T21:25:00-05:00,2022-03-07 21:25:00,32.2,32.2,27,0.9,1.1,10.3,263,0,1.24,0.87,1.24,1.24,8.16,29.84,81,0,0,29.51,1
2022-03-07T21:20:00-05:00,2022-03-07 21:20:00,32.2,32.2,27,0.2,1.1,10.3,269,0,1.24,0.87,1.24,1.24,8.16,29.83,81,0,0,29.51,1
2022-03-07T21:15:00-05:00,2022-03-07 21:15:00,32.2,32.2,27.3,1.8,2.2,10.3,289,0,1.24,0.87,1.24,1.24,8.16,29.83,82,0,0,29.51,1
2022-03-07T21:10:00-05:00,2022-03-07 21:10:00,32.2,32.2,27.6,0,0,10.3,268,0,1.24,0.87,1.24,1.24,8.16,29.83,83,0,0,29.5,1
2022-03-07T21:05:00-05:00,2022-03-07 21:05:00,32.4,32.4,27.8,2.2,3.4,10.3,265,0,1.24,0.87,1.24,1.24,8.16,29.83,83,0,0,29.51,1
2022-03-07T21:00:00-05:00,2022-03-07 21:00:00,32.4,32.4,28.1,2.2,3.4,10.3,274,0,1.24,0.87,1.24,1.24,8.16,29.83,84,0,0,29.5,1
2022-03-07T20:55:00-05:00,2022-03-07 20:55:00,32.4,32.4,27.5,0.7,1.1,10.3,269,0,1.24,0.87,1.24,1.24,8.16,29.83,82,0,0,29.51,1
2022-03-07T20:50:00-05:00,2022-03-07 20:50:00,32.7,32.7,28.1,1.8,3.4,10.3,280,0,1.24,0.87,1.24,1.24,8.16,29.82,83,0,0,29.5,1
2022-03-07T20:45:00-05:00,2022-03-07 20:45:00,32.7,29.1,28.1,3.8,4.5,10.3,262,0,1.24,0.87,1.24,1.24,8.16,29.82,83,0,0,29.5,1
2022-03-07T20:40:00-05:00,2022-03-07 20:40:00,32.7,32.7,28.1,0.9,1.1,10.3,269,0,1.24,0.87,1.24,1.24,8.16,29.82,83,0,0,29.5,1
2022-03-07T20:35:00-05:00,2022-03-07 20:35:00,32.9,32.9,28,2.9,4.5,10.3,258,0,1.24,0.87,1.24,1.24,8.16,29.82,82,0,0,29.5,1
2022-03-07T20:30:00-05:00,2022-03-07 20:30:00,32.9,32.9,28,1.3,2.2,10.3,267,0,1.24,0.87,1.24,1.24,8.16,29.82,82,0,0,29.5,1
2022-03-07T20:26:00-05:00,2022-03-07 20:26:00,33.1,30.4,28.2,3.1,4.5,10.3,271,0,1.24,0.87,1.24,1.24,8.16,29.82,82,0,0,29.5,1
2022-03-07T20:20:00-05:00,2022-03-07 20:20:00,33.1,33.1,27.6,1.1,1.1,10.3,260,0,1.24,0.87,1.24,1.24,8.16,29.81,80,0,0,29.49,1
2022-03-07T20:15:00-05:00,2022-03-07 20:15:00,33.1,33.1,28.2,2,2.2,10.3,261,0,1.24,0.87,1.24,1.24,8.16,29.82,82,0,0,29.5,1
2022-03-07T20:10:00-05:00,2022-03-07 20:10:00,33.3,33.3,28.4,2.2,3.4,10.3,263,0,1.24,0.87,1.24,1.24,8.16,29.81,82,0,0,29.49,1
2022-03-07T20:05:00-05:00,2022-03-07 20:05:00,33.3,33.3,27.8,0,0,10.3,275,0,1.24,0.87,1.24,1.24,8.16,29.81,80,0,0,29.48,1
2022-03-07T20:00:00-05:00,2022-03-07 20:00:00,33.3,33.3,27.8,0.2,1.1,10.3,266,0,1.24,0.87,1.24,1.24,8.16,29.81,80,0,0,29.49,1
2022-03-07T19:55:00-05:00,2022-03-07 19:55:00,33.3,33.3,27.5,1.1,2.2,10.3,264,0,1.24,0.87,1.24,1.24,8.16,29.81,79,0,0,29.48,1
2022-03-07T19:50:00-05:00,2022-03-07 19:50:00,33.4,33.4,27.6,2.9,3.4,10.3,274,0,1.24,0.87,1.24,1.24,8.16,29.8,79,0,0,29.48,1
2022-03-07T19:46:00-05:00,2022-03-07 19:46:00,33.4,33.4,27.6,1.3,3.4,10.3,262,0,1.24,0.87,1.24,1.24,8.16,29.8,79,0,0,29.48,1
2022-03-07T19:40:00-05:00,2022-03-07 19:40:00,33.4,33.4,27.6,0.7,2.2,10.3,270,0,1.24,0.87,1.24,1.24,8.16,29.8,79,0,0,29.48,1
2022-03-07T19:35:00-05:00,2022-03-07 19:35:00,33.4,33.4,27.6,0,0,10.3,262,0,1.24,0.87,1.24,1.24,8.16,29.79,79,0,0,29.47,1
2022-03-07T19:30:00-05:00,2022-03-07 19:30:00,33.3,33.3,27.5,0.7,1.1,10.3,270,0,1.24,0.87,1.24,1.24,8.16,29.79,79,0,0,29.47,1
2022-03-07T19:25:00-05:00,2022-03-07 19:25:00,33.4,33.4,27.6,0,0,10.3,283,0,1.24,0.87,1.24,1.24,8.16,29.79,79,0,0,29.46,1
2022-03-07T19:20:00-05:00,2022-03-07 19:20:00,33.4,33.4,27.6,1.8,3.4,10.3,269,0,1.24,0.87,1.24,1.24,8.16,29.79,79,0,0,29.46,1
2022-03-07T19:15:00-05:00,2022-03-07 19:15:00,33.4,33.4,27.9,1.8,3.4,10.3,265,0,1.24,0.87,1.24,1.24,8.16,29.78,80,0,0,29.45,1
2022-03-07T19:10:00-05:00,2022-03-07 19:10:00,33.6,33.6,27.8,1.3,2.2,10.3,296,0,1.24,0.87,1.24,1.24,8.16,29.78,79,0,0,29.45,1
2022-03-07T19:06:00-05:00,2022-03-07 19:06:00,33.6,33.6,28.7,1.3,2.2,10.3,259,0,1.24,0.87,1.24,1.24,8.16,29.78,82,0,0,29.45,1
2022-03-07T19:00:00-05:00,2022-03-07 19:00:00,33.8,33.8,28.6,0,0,10.3,271,0,1.24,0.87,1.24,1.24,8.16,29.77,81,0,0,29.45,1
2022-03-07T18:55:00-05:00,2022-03-07 18:55:00,33.8,33.8,28.3,1.8,2.2,10.3,273,0,1.24,0.87,1.24,1.24,8.16,29.77,80,0,0,29.45,1
2022-03-07T18:50:00-05:00,2022-03-07 18:50:00,34,30.6,28.5,3.8,4.5,10.3,267,0,1.24,0.87,1.24,1.24,8.16,29.76,80,0,0,29.44,1
2022-03-07T18:46:00-05:00,2022-03-07 18:46:00,34,34,28.2,0.2,1.1,10.3,277,0,1.24,0.87,1.24,1.24,8.16,29.76,79,0,0,29.44,1
2022-03-07T18:40:00-05:00,2022-03-07 18:40:00,34,29.5,28.2,4.9,5.8,10.3,270,0,1.24,0.87,1.24,1.24,8.16,29.77,79,0,0,29.44,1
2022-03-07T18:35:00-05:00,2022-03-07 18:35:00,34.2,34.2,28.4,1.6,3.4,10.3,270,0,1.24,0.87,1.24,1.24,8.16,29.76,79,0,0,29.43,1
2022-03-07T18:30:00-05:00,2022-03-07 18:30:00,34.2,34.2,28.1,2.5,4.5,10.3,261,0,1.24,0.87,1.24,1.24,8.16,29.75,78,0,1.2,29.43,1
2022-03-07T18:26:00-05:00,2022-03-07 18:26:00,34.2,34.2,28.4,1.1,2.2,10.3,267,0,1.24,0.87,1.24,1.24,8.16,29.75,79,0,2.1,29.42,1
2022-03-07T18:20:00-05:00,2022-03-07 18:20:00,34.3,34.3,28.5,2.7,3.4,10.3,272,0,1.24,0.87,1.24,1.24,8.16,29.75,79,0,4.8,29.42,1
2022-03-07T18:15:00-05:00,2022-03-07 18:15:00,34.3,34.3,28.5,2.5,3.4,10.3,271,0,1.24,0.87,1.24,1.24,8.16,29.74,79,0,7.3,29.42,1
2022-03-07T18:10:00-05:00,2022-03-07 18:10:00,34.5,34.5,28.7,0.7,1.1,10.3,287,0,1.24,0.87,1.24,1.24,8.16,29.75,79,0,9.5,29.42,1
2022-03-07T18:06:00-05:00,2022-03-07 18:06:00,34.5,34.5,28.4,2.5,4.5,10.3,254,0,1.24,0.87,1.24,1.24,8.16,29.74,78,0,11.6,29.41,1
2022-03-07T18:00:00-05:00,2022-03-07 18:00:00,34.7,34.7,28.6,1.8,2.2,10.3,267,0,1.24,0.87,1.24,1.24,8.16,29.74,78,0,15.5,29.42,1
2022-03-07T17:55:00-05:00,2022-03-07 17:55:00,34.7,34.7,28.9,2,3.4,10.3,260,0,1.24,0.87,1.24,1.24,8.16,29.73,79,0,15.5,29.41,1
2022-03-07T17:50:00-05:00,2022-03-07 17:50:00,34.7,34.7,28.9,0.4,1.1,10.3,320,0,1.24,0.87,1.24,1.24,8.16,29.73,79,0,18.1,29.41,1
2022-03-07T17:46:00-05:00,2022-03-07 17:46:00,34.7,34.7,28.9,0.9,1.1,10.3,275,0,1.24,0.87,1.24,1.24,8.16,29.73,79,0,22.5,29.4,1
2022-03-07T17:40:00-05:00,2022-03-07 17:40:00,34.7,34.7,28.6,1.8,3.4,10.3,274,0,1.24,0.87,1.24,1.24,8.16,29.73,78,0,18.1,29.41,1
2022-03-07T17:35:00-05:00,2022-03-07 17:35:00,34.9,34.9,28.7,2.5,3.4,10.3,267,0,1.24,0.87,1.24,1.24,8.16,29.73,78,0,15.5,29.4,1
2022-03-07T17:30:00-05:00,2022-03-07 17:30:00,34.9,34.9,29.1,2,2.2,10.3,295,0,1.24,0.87,1.24,1.24,8.16,29.73,79,0,14.3,29.4,1
2022-03-07T17:26:00-05:00,2022-03-07 17:26:00,35.1,31.9,28.9,3.8,4.5,10.3,261,0,1.24,0.87,1.24,1.24,8.16,29.73,78,0,21.6,29.4,1
2022-03-07T17:20:00-05:00,2022-03-07 17:20:00,35.1,35.1,29.3,2,3.4,10.3,49,0,1.24,0.87,1.24,1.24,8.16,29.72,79,0,27.3,29.4,1
2022-03-07T17:15:00-05:00,2022-03-07 17:15:00,35.2,35.2,29.4,2.5,3.4,10.3,293,0,1.24,0.87,1.24,1.24,8.16,29.72,79,0,32,29.39,1
2022-03-07T17:10:00-05:00,2022-03-07 17:10:00,35.2,35.2,29.4,2.5,3.4,10.3,261,0,1.24,0.87,1.24,1.24,8.16,29.71,79,0,40.7,29.39,1
2022-03-07T17:06:00-05:00,2022-03-07 17:06:00,35.1,35.1,28.9,1.8,2.2,10.3,269,0,1.24,0.87,1.24,1.24,8.16,29.71,78,0,46.7,29.39,1
2022-03-07T17:00:00-05:00,2022-03-07 17:00:00,35.2,35.2,29.4,2.7,4.5,10.3,265,0,1.24,0.87,1.24,1.24,8.16,29.71,79,0,35.5,29.39,1
2022-03-07T16:55:00-05:00,2022-03-07 16:55:00,35.4,35.4,29.5,2,2.2,10.3,307,0,1.24,0.87,1.24,1.24,8.16,29.71,79,0,36.8,29.38,1
2022-03-07T16:50:00-05:00,2022-03-07 16:50:00,35.4,35.4,28.6,1.3,2.2,10.3,276,0,1.24,0.87,1.24,1.24,8.16,29.7,76,0,31.6,29.37,1
2022-03-07T16:46:00-05:00,2022-03-07 16:46:00,35.6,35.6,28.8,2.9,6.9,10.3,296,0,1.24,0.87,1.24,1.24,8.16,29.69,76,0,56.3,29.37,1
2022-03-07T16:40:00-05:00,2022-03-07 16:40:00,35.6,35.6,30.4,2.5,4.5,10.3,265,0,1.24,0.87,1.24,1.24,8.16,29.7,81,0,49.4,29.38,1
2022-03-07T16:35:00-05:00,2022-03-07 16:35:00,35.4,35.4,29.5,0.7,2.2,10.3,247,0,1.24,0.87,1.24,1.24,8.16,29.69,79,0,68,29.36,1
2022-03-07T16:30:00-05:00,2022-03-07 16:30:00,35.4,35.4,28.9,1.3,3.4,10.3,344,0,1.24,0.87,1.24,1.24,8.16,29.69,77,0,78,29.36,1
2022-03-07T16:26:00-05:00,2022-03-07 16:26:00,35.6,35.6,29.1,2.9,3.4,10.3,314,0,1.24,0.87,1.24,1.24,8.16,29.68,77,0,55.4,29.36,1
2022-03-07T16:20:00-05:00,2022-03-07 16:20:00,35.6,35.6,29.4,0.9,1.1,10.3,270,0,1.24,0.87,1.24,1.24,8.16,29.68,78,0,70.2,29.36,1
2022-03-07T16:15:00-05:00,2022-03-07 16:15:00,35.4,35.4,29.9,0.7,1.1,10.3,287,0,1.24,0.87,1.24,1.24,8.16,29.68,80,0,84.5,29.35,1
2022-03-07T16:10:00-05:00,2022-03-07 16:10:00,35.6,35.6,30.1,2,2.2,10.3,260,0,1.24,0.87,1.24,1.24,8.16,29.67,80,0,43.8,29.35,1
2022-03-07T16:06:00-05:00,2022-03-07 16:06:00,35.8,35.8,29.3,1.6,2.2,10.3,302,0,1.24,0.87,1.24,1.24,8.16,29.67,77,0,65,29.34,1
2022-03-07T16:00:00-05:00,2022-03-07 16:00:00,36,36,30.1,0.2,1.1,10.3,274,0,1.24,0.87,1.24,1.24,8.16,29.67,79,0,75.5,29.34,1
2022-03-07T15:55:00-05:00,2022-03-07 15:55:00,36,36,30.1,2.2,3.4,10.3,265,0,1.24,0.87,1.24,1.24,8.16,29.67,79,0,86.7,29.34,1
2022-03-07T15:50:00-05:00,2022-03-07 15:50:00,35.8,35.8,29.9,0.7,1.1,10.3,262,0,1.24,0.87,1.24,1.24,8.16,29.66,79,0,75.5,29.34,1
2022-03-07T15:46:00-05:00,2022-03-07 15:46:00,35.8,35.8,30.9,0.7,1.1,10.3,321,0,1.24,0.87,1.24,1.24,8.16,29.66,82,0,64.6,29.34,1
2022-03-07T15:40:00-05:00,2022-03-07 15:40:00,35.6,35.6,29.7,2.5,3.4,10.3,287,0,1.24,0.87,1.24,1.24,8.16,29.66,79,0,80.6,29.33,1
2022-03-07T15:35:00-05:00,2022-03-07 15:35:00,35.8,35.8,30.2,0.4,1.1,10.3,285,0,1.24,0.87,1.24,1.24,8.16,29.65,80,0,77.6,29.32,1
2022-03-07T15:30:00-05:00,2022-03-07 15:30:00,35.6,35.6,29.7,1.3,2.2,10.3,271,0,1.24,0.87,1.24,1.24,8.16,29.66,79,0,93.6,29.33,1
2022-03-07T15:26:00-05:00,2022-03-07 15:26:00,35.4,32,29.9,4,4.5,10.3,342,0,1.24,0.87,1.24,1.24,8.16,29.65,80,1,111.4,29.33,1
2022-03-07T15:20:00-05:00,2022-03-07 15:20:00,35.6,35.6,30.4,0.4,1.1,10.3,271,0,1.24,0.87,1.24,1.24,8.16,29.65,81,0,60.7,29.32,1
2022-03-07T15:15:00-05:00,2022-03-07 15:15:00,35.4,35.4,31.1,0.2,1.1,10.3,288,0,1.24,0.87,1.24,1.24,8.16,29.64,84,0,54.2,29.32,1
2022-03-07T15:10:00-05:00,2022-03-07 15:10:00,35.4,35.4,30.8,1.1,2.2,10.3,287,0,1.24,0.87,1.24,1.24,8.16,29.64,83,0,42.9,29.31,1
2022-03-07T15:06:00-05:00,2022-03-07 15:06:00,35.4,35.4,31.1,0.7,1.1,10.3,267,0,1.24,0.87,1.24,1.24,8.16,29.64,84,0,58.1,29.31,1
2022-03-07T15:00:00-05:00,2022-03-07 15:00:00,35.4,35.4,31.3,0,0,10.3,285,0,1.24,0.87,1.24,1.24,8.16,29.63,85,0,50.6,29.31,1
2022-03-07T14:55:00-05:00,2022-03-07 14:55:00,35.4,35.4,30.5,1.8,2.2,10.3,294,0,1.24,0.87,1.24,1.24,8.16,29.63,82,0,40.2,29.31,1
2022-03-07T14:50:00-05:00,2022-03-07 14:50:00,35.6,35.6,31,0,0,10.3,262,0,1.24,0.87,1.24,1.24,8.16,29.64,83,0,48.1,29.31,1
2022-03-07T14:46:00-05:00,2022-03-07 14:46:00,35.6,35.6,30.7,1.1,1.1,10.3,282,0,1.24,0.87,1.24,1.24,8.16,29.63,82,0,51.5,29.31,1
2022-03-07T14:40:00-05:00,2022-03-07 14:40:00,35.6,32.9,30.7,3.4,4.5,10.3,246,0,1.24,0.87,1.24,1.24,8.16,29.63,82,0,78.9,29.3,1
2022-03-07T14:35:00-05:00,2022-03-07 14:35:00,35.8,33.1,31.4,3.4,5.8,10.3,263,0,1.24,0.87,1.24,1.24,8.16,29.64,84,0,57.6,29.31,1
2022-03-07T14:30:00-05:00,2022-03-07 14:30:00,35.6,35.6,30.7,1.8,3.4,10.3,263,0,1.24,0.87,1.24,1.24,8.16,29.63,82,0,70.7,29.3,1
2022-03-07T14:26:00-05:00,2022-03-07 14:26:00,35.8,35.8,30.6,2.9,3.4,10.3,329,0,1.24,0.87,1.24,1.24,8.16,29.62,81,0,65.5,29.3,1
2022-03-07T14:20:00-05:00,2022-03-07 14:20:00,35.8,35.8,31.4,0,0,10.3,266,0,1.24,0.87,1.24,1.24,8.16,29.63,84,1,175.7,29.3,1
2022-03-07T14:15:00-05:00,2022-03-07 14:15:00,35.8,35.8,31.2,0.9,1.1,10.3,275,0,1.24,0.87,1.24,1.24,8.16,29.63,83,0,82.3,29.3,1
2022-03-07T14:10:00-05:00,2022-03-07 14:10:00,35.8,35.8,30.9,2.9,3.4,10.3,258,0,1.24,0.87,1.24,1.24,8.16,29.63,82,0,81.1,29.3,1
2022-03-07T14:06:00-05:00,2022-03-07 14:06:00,35.8,35.8,31.2,0.7,1.1,10.3,263,0,1.24,0.87,1.24,1.24,8.16,29.62,83,1,128.3,29.29,1
2022-03-07T14:00:00-05:00,2022-03-07 14:00:00,35.8,35.8,31.4,0.9,3.4,10.3,261,0,1.24,0.87,1.24,1.24,8.16,29.61,84,0,93.6,29.29,1
2022-03-07T13:55:00-05:00,2022-03-07 13:55:00,36.5,36.5,32.1,0.9,1.1,10.3,269,0,1.24,0.87,1.24,1.24,8.16,29.62,84,0,77.6,29.29,1
2022-03-07T13:50:00-05:00,2022-03-07 13:50:00,36.5,36.5,32.1,0.7,1.1,10.3,304,0,1.24,0.87,1.24,1.24,8.16,29.62,84,0,83.7,29.29,1
2022-03-07T13:46:00-05:00,2022-03-07 13:46:00,35.8,31.6,31.4,4.9,8.1,10.3,240,0,1.24,0.87,1.24,1.24,8.16,29.61,84,3,392.1,29.28,1
2022-03-07T13:40:00-05:00,2022-03-07 13:40:00,35.1,35.1,31.6,0,0,10.3,268,0,1.24,0.87,1.24,1.24,8.16,29.6,87,1,197.3,29.28,1
2022-03-07T13:35:00-05:00,2022-03-07 13:35:00,35.1,35.1,31.6,1.6,2.2,10.3,306,0,1.24,0.87,1.24,1.24,8.16,29.6,87,0,55.9,29.28,1
2022-03-07T13:30:00-05:00,2022-03-07 13:30:00,35.1,35.1,31.9,1.3,2.2,10.3,260,0,1.24,0.87,1.24,1.24,8.16,29.6,88,1,137.9,29.27,1
2022-03-07T13:26:00-05:00,2022-03-07 13:26:00,35.1,31.7,31.9,4,5.8,10.3,289,0,1.24,0.87,1.24,1.24,8.16,29.61,88,0,76.3,29.28,1
2022-03-07T13:20:00-05:00,2022-03-07 13:20:00,35.2,35.2,32,2.2,2.2,10.3,264,0,1.24,0.87,1.24,1.24,8.16,29.6,88,0,84,29.28,1
2022-03-07T13:15:00-05:00,2022-03-07 13:15:00,35.2,35.2,31.7,1.3,3.4,10.3,279,0,1.24,0.87,1.24,1.24,8.16,29.6,87,0,44.2,29.28,1
2022-03-07T13:10:00-05:00,2022-03-07 13:10:00,35.6,35.6,32.1,2.7,3.4,10.3,308,0,1.24,0.87,1.24,1.24,8.16,29.6,87,0,40.7,29.28,1
2022-03-07T13:06:00-05:00,2022-03-07 13:06:00,36,30.6,31.9,6.5,9.2,10.3,280,0,1.24,0.87,1.24,1.24,8.16,29.6,85,0,62,29.27,1
2022-03-07T13:00:00-05:00,2022-03-07 13:00:00,36.1,36.1,32.6,2.9,4.5,10.3,295,0,1.24,0.87,1.24,1.24,8.16,29.6,87,0,78.9,29.27,1
2022-03-07T12:55:00-05:00,2022-03-07 12:55:00,36.1,36.1,32.9,1.3,2.2,10.3,267,0,1.24,0.87,1.24,1.24,8.16,29.59,88,0,84.5,29.27,1
2022-03-07T12:50:00-05:00,2022-03-07 12:50:00,36.3,36.3,32.5,2.5,3.4,10.3,3,0,1.24,0.87,1.24,1.24,8.16,29.58,86,0,86.7,29.26,1
2022-03-07T12:45:00-05:00,2022-03-07 12:45:00,36.3,36.3,33.1,0,0,10.3,266,0,1.24,0.87,1.24,1.24,8.16,29.59,88,1,149.6,29.27,1
2022-03-07T12:40:00-05:00,2022-03-07 12:40:00,36.1,36.1,32.9,0.9,1.1,10.3,265,0,1.24,0.87,1.24,1.24,8.16,29.58,88,0,94.9,29.25,1
2022-03-07T12:35:00-05:00,2022-03-07 12:35:00,36.1,36.1,32.9,1.8,2.2,10.3,341,0,1.24,0.87,1.24,1.24,8.16,29.59,88,0,76.7,29.27,1
2022-03-07T12:30:00-05:00,2022-03-07 12:30:00,36.3,36.3,33.1,1.6,2.2,10.3,323,0,1.24,0.87,1.24,1.24,8.16,29.59,88,0,97.5,29.26,1
2022-03-07T12:25:00-05:00,2022-03-07 12:25:00,36.3,36.3,33.4,1.8,3.4,10.3,267,0,1.24,0.87,1.24,1.24,8.16,29.57,89,1,101,29.25,1
2022-03-07T12:20:00-05:00,2022-03-07 12:20:00,36.1,36.1,32.9,1.8,2.2,10.3,266,0,1.24,0.87,1.24,1.24,8.16,29.57,88,0,90.7,29.24,1
2022-03-07T12:15:00-05:00,2022-03-07 12:15:00,36.1,36.1,33.2,0.7,1.1,10.3,268,0,1.24,0.87,1.24,1.24,8.16,29.57,89,1,119.6,29.24,1
2022-03-07T12:10:00-05:00,2022-03-07 12:10:00,36.1,36.1,33.2,0.7,2.2,10.3,275,0,1.24,0.87,1.24,1.24,8.16,29.58,89,1,122.7,29.26,1
2022-03-07T12:06:00-05:00,2022-03-07 12:06:00,36.3,36.3,33.4,1.1,1.1,10.3,281,0,1.24,0.87,1.24,1.24,8.16,29.57,89,0,74.5,29.24,1
2022-03-07T12:00:00-05:00,2022-03-07 12:00:00,36.5,36.5,33.3,2.5,3.4,10.3,277,0,1.24,0.87,1.24,1.24,8.16,29.56,88,1,123.2,29.24,1
2022-03-07T11:55:00-05:00,2022-03-07 11:55:00,36.5,36.5,33.6,1.8,2.2,10.3,275,0,1.24,0.87,1.24,1.24,8.16,29.57,89,1,156.6,29.24,1
2022-03-07T11:50:00-05:00,2022-03-07 11:50:00,36.5,36.5,33.6,0.2,1.1,10.3,287,0,1.24,0.87,1.24,1.24,8.16,29.56,89,1,182.5,29.23,1
2022-03-07T11:45:00-05:00,2022-03-07 11:45:00,36.3,36.3,33.4,2.5,3.4,10.3,306,0,1.24,0.87,1.24,1.24,8.16,29.55,89,1,162.6,29.22,1
2022-03-07T11:40:00-05:00,2022-03-07 11:40:00,36.1,36.1,33.2,2,5.8,10.3,153,0,1.24,0.87,1.24,1.24,8.16,29.55,89,1,177.4,29.23,1
2022-03-07T11:35:00-05:00,2022-03-07 11:35:00,36,36,33.4,2.5,4.5,10.3,65,0,1.24,0.87,1.24,1.24,8.16,29.55,90,2,258,29.22,1
2022-03-07T11:30:00-05:00,2022-03-07 11:30:00,35.8,35.8,32.9,0.9,1.1,10.3,268,0,1.24,0.87,1.24,1.24,8.16,29.55,89,1,167.4,29.22,1
2022-03-07T11:25:00-05:00,2022-03-07 11:25:00,35.8,35.8,33.2,2.5,3.4,10.3,259,0,1.24,0.87,1.24,1.24,8.16,29.52,90,1,100.6,29.2,1
2022-03-07T11:20:00-05:00,2022-03-07 11:20:00,36,36,33.4,1.3,2.2,10.3,296,0,1.24,0.87,1.24,1.24,8.16,29.52,90,2,210.8,29.19,1
2022-03-07T11:15:00-05:00,2022-03-07 11:15:00,36.3,33.3,34.2,3.8,5.8,10.3,241,0,1.24,0.87,1.24,1.24,8.16,29.52,92,1,174.3,29.2,1
2022-03-07T11:10:00-05:00,2022-03-07 11:10:00,35.6,35.6,33.5,0.9,1.1,10.3,269,0,1.24,0.87,1.24,1.24,8.16,29.52,92,2,224.6,29.19,1
2022-03-07T11:05:00-05:00,2022-03-07 11:05:00,36,36,34.2,0.9,1.1,10.3,270,0,1.24,0.87,1.24,1.24,8.16,29.51,93,0,81.5,29.19,1
2022-03-07T11:00:00-05:00,2022-03-07 11:00:00,36.1,36.1,34,1.6,2.2,10.3,299,0,1.24,0.87,1.24,1.24,8.16,29.52,92,0,99.3,29.19,1
2022-03-07T10:55:00-05:00,2022-03-07 10:55:00,36.3,33.5,34.2,3.6,5.8,10.3,257,0,1.24,0.87,1.24,1.24,8.16,29.52,92,1,129.7,29.19,1
2022-03-07T10:50:00-05:00,2022-03-07 10:50:00,36.5,36.5,34.4,0.7,1.1,10.3,267,0.07,1.24,0.87,1.24,1.24,8.16,29.51,92,1,158.7,29.18,1
2022-03-07T10:45:00-05:00,2022-03-07 10:45:00,36.3,36.3,34.2,0,0,10.3,278,0.07,1.24,0.87,1.24,1.24,8.16,29.5,92,1,176,29.18,1
2022-03-07T10:40:00-05:00,2022-03-07 10:40:00,36.1,36.1,34,2.2,2.2,10.3,287,0.07,1.24,0.87,1.24,1.24,8.16,29.5,92,1,162.2,29.17,1
2022-03-07T10:35:00-05:00,2022-03-07 10:35:00,36.1,36.1,34,0.9,2.2,10.3,304,0,1.23,0.86,1.23,1.23,8.15,29.5,92,1,154.8,29.18,1
2022-03-07T10:30:00-05:00,2022-03-07 10:30:00,36.5,36.5,34.4,2.2,2.2,10.3,272,0,1.23,0.86,1.23,1.23,8.15,29.5,92,1,168.2,29.18,1
2022-03-07T10:25:00-05:00,2022-03-07 10:25:00,36.1,36.1,34,1.1,1.1,10.3,285,0,1.23,0.86,1.23,1.23,8.15,29.49,92,1,180.8,29.16,1
2022-03-07T10:20:00-05:00,2022-03-07 10:20:00,36.1,36.1,34,2.9,3.4,10.3,321,0,1.23,0.86,1.23,1.23,8.15,29.49,92,2,206,29.16,1
2022-03-07T10:15:00-05:00,2022-03-07 10:15:00,36,36,34.2,0.4,1.1,10.3,272,0,1.23,0.86,1.23,1.23,8.15,29.49,93,1,170.4,29.17,1
2022-03-07T10:10:00-05:00,2022-03-07 10:10:00,35.6,35.6,33.8,0.2,1.1,10.3,268,0,1.23,0.86,1.23,1.23,8.15,29.49,93,1,127.5,29.17,1
2022-03-07T10:05:00-05:00,2022-03-07 10:05:00,35.2,35.2,33.4,0.7,1.1,9.2,273,0,1.23,0.86,1.23,1.23,8.15,29.5,93,1,150.5,29.17,1
2022-03-07T10:00:00-05:00,2022-03-07 10:00:00,35.2,35.2,33.6,0.2,1.1,9.2,267,0,1.23,0.86,1.23,1.23,8.15,29.5,94,1,157.8,29.18,1
2022-03-07T09:55:00-05:00,2022-03-07 09:55:00,35.1,35.1,33.3,2.5,3.4,9.2,62,0,1.23,0.86,1.23,1.23,8.15,29.5,93,0,79.8,29.17,1
2022-03-07T09:50:00-05:00,2022-03-07 09:50:00,35.1,35.1,33.6,1.6,2.2,9.2,333,0,1.23,0.86,1.23,1.23,8.15,29.5,94,1,105.3,29.17,1
2022-03-07T09:45:00-05:00,2022-03-07 09:45:00,35.2,35.2,33.6,1.1,1.1,9.2,285,0,1.23,0.86,1.23,1.23,8.15,29.49,94,0,95.8,29.16,1
2022-03-07T09:40:00-05:00,2022-03-07 09:40:00,34.9,34.9,33.4,1.1,1.1,9.2,285,0,1.23,0.86,1.23,1.23,8.15,29.48,94,1,108.9,29.15,1
2022-03-07T09:35:00-05:00,2022-03-07 09:35:00,34.9,34.9,33.4,0,0,9.2,276,0,1.23,0.86,1.23,1.23,8.15,29.48,94,0,38.5,29.15,1
2022-03-07T09:30:00-05:00,2022-03-07 09:30:00,35.1,35.1,33.6,0,0,9.2,276,0,1.23,0.86,1.23,1.23,8.15,29.49,94,0,50.6,29.16,1
2022-03-07T09:25:00-05:00,2022-03-07 09:25:00,34.9,34.9,33.6,1.6,2.2,9.2,288,0,1.23,0.86,1.23,1.23,8.15,29.48,95,0,88.8,29.15,1
2022-03-07T09:20:00-05:00,2022-03-07 09:20:00,34.9,34.9,33.6,0.9,1.1,9.2,290,0,1.23,0.86,1.23,1.23,8.15,29.46,95,0,72.4,29.14,1
2022-03-07T09:15:00-05:00,2022-03-07 09:15:00,35.1,35.1,33.8,1.3,2.2,9.2,336,0,1.23,0.86,1.23,1.23,8.15,29.47,95,0,80.3,29.14,1
2022-03-07T09:10:00-05:00,2022-03-07 09:10:00,34.7,34.7,33.4,0.2,1.1,9.2,276,0.05,1.23,0.86,1.23,1.23,8.15,29.47,95,0,30.3,29.14,1
2022-03-07T09:05:00-05:00,2022-03-07 09:05:00,34.9,34.9,33.6,2.5,4.5,9.2,259,0.05,1.23,0.86,1.23,1.23,8.15,29.47,95,0,41.6,29.14,1
2022-03-07T09:00:00-05:00,2022-03-07 09:00:00,34.9,34.9,33.6,1.1,1.1,9.2,280,0,1.22,0.85,1.22,1.22,8.14,29.46,95,0,10.8,29.14,1
2022-03-07T08:55:00-05:00,2022-03-07 08:55:00,34.9,34.9,33.6,0.7,1.1,9.2,285,0,1.22,0.85,1.22,1.22,8.14,29.47,95,0,16.9,29.14,1
2022-03-07T08:50:00-05:00,2022-03-07 08:50:00,34.9,34.9,33.6,1.1,2.2,9.2,275,0,1.22,0.85,1.22,1.22,8.14,29.45,95,0,11.3,29.12,1
2022-03-07T08:45:00-05:00,2022-03-07 08:45:00,35.1,35.1,33.8,1.3,3.4,9.2,306,0,1.22,0.85,1.22,1.22,8.14,29.45,95,0,19.4,29.13,1
2022-03-07T08:40:00-05:00,2022-03-07 08:40:00,35.1,35.1,33.8,2.2,3.4,9.2,277,0.07,1.22,0.85,1.22,1.22,8.14,29.45,95,0,20.3,29.12,1
2022-03-07T08:35:00-05:00,2022-03-07 08:35:00,35.1,35.1,34.1,0.7,1.1,9.2,273,0.07,1.22,0.85,1.22,1.22,8.14,29.43,96,0,10.4,29.11,1
2022-03-07T08:30:00-05:00,2022-03-07 08:30:00,35.2,35.2,34.2,0,0,9.2,276,0,1.21,0.84,1.21,1.21,8.13,29.42,96,0,7.3,29.09,1
2022-03-07T08:25:00-05:00,2022-03-07 08:25:00,35.2,35.2,34.2,1.6,2.2,9.2,279,0,1.21,0.84,1.21,1.21,8.13,29.44,96,0,10.4,29.11,1
2022-03-07T08:20:00-05:00,2022-03-07 08:20:00,35.4,35.4,34.4,0.2,1.1,9.2,282,0.07,1.21,0.84,1.21,1.21,8.13,29.43,96,0,10.4,29.11,1
2022-03-07T08:15:00-05:00,2022-03-07 08:15:00,35.4,35.4,34.4,0,0,9.2,285,0.07,1.21,0.84,1.21,1.21,8.13,29.43,96,0,10.8,29.1,1
2022-03-07T08:10:00-05:00,2022-03-07 08:10:00,35.4,35.4,34.4,0,0,9.2,283,0,1.2,0.83,1.2,1.2,8.12,29.42,96,0,4.3,29.1,1
2022-03-07T08:05:00-05:00,2022-03-07 08:05:00,35.4,35.4,34.4,0,0,9.2,281,0,1.2,0.83,1.2,1.2,8.12,29.42,96,0,1.2,29.1,1
2022-03-07T08:00:00-05:00,2022-03-07 08:00:00,35.6,35.6,34.6,1.6,2.2,9.2,276,0,1.2,0.83,1.2,1.2,8.12,29.42,96,0,0.4,29.1,1
2022-03-07T07:55:00-05:00,2022-03-07 07:55:00,35.4,35.4,34.4,0,0,9.2,278,0,1.2,0.83,1.2,1.2,8.12,29.41,96,0,0.4,29.09,1
2022-03-07T07:50:00-05:00,2022-03-07 07:50:00,35.4,35.4,34.4,0,0,9.2,276,0,1.2,0.83,1.2,1.2,8.12,29.41,96,0,1.2,29.08,1
2022-03-07T07:45:00-05:00,2022-03-07 07:45:00,35.1,35.1,33.8,0,0,9.2,273,0,1.2,0.83,1.2,1.2,8.12,29.39,95,0,0.4,29.07,1
2022-03-07T07:40:00-05:00,2022-03-07 07:40:00,34.9,34.9,33.6,0,0,9.2,273,0,1.2,0.83,1.2,1.2,8.12,29.39,95,0,0,29.07,1
2022-03-07T07:35:00-05:00,2022-03-07 07:35:00,35.1,35.1,33.8,1.1,1.1,9.2,249,0,1.2,0.83,1.2,1.2,8.12,29.37,95,0,2.6,29.05,1
2022-03-07T07:30:00-05:00,2022-03-07 07:30:00,35.2,35.2,33.9,1.1,1.1,9.2,281,0,1.2,0.83,1.2,1.2,8.12,29.39,95,0,0.4,29.06,1
2022-03-07T07:25:00-05:00,2022-03-07 07:25:00,35.1,35.1,33.8,0,0,9.2,277,0,1.2,0.83,1.2,1.2,8.12,29.39,95,0,0,29.06,1
2022-03-07T07:20:00-05:00,2022-03-07 07:20:00,34.9,34.9,33.4,0,0,9.2,277,0,1.2,0.83,1.2,1.2,8.12,29.38,94,0,0,29.06,1
2022-03-07T07:15:00-05:00,2022-03-07 07:15:00,34.7,31.9,33.2,3.4,4.5,9.2,153,0,1.2,0.83,1.2,1.2,8.12,29.36,94,0,0,29.04,1
2022-03-07T07:10:00-05:00,2022-03-07 07:10:00,34.7,34.7,33.4,1.1,1.1,9.2,287,0,1.2,0.83,1.2,1.2,8.12,29.36,95,0,0,29.03,1
2022-03-07T07:05:00-05:00,2022-03-07 07:05:00,34.7,34.7,33.4,0.9,1.1,9.2,294,0,1.2,0.83,1.2,1.2,8.12,29.36,95,0,0,29.04,1
2022-03-07T07:00:00-05:00,2022-03-07 07:00:00,34.7,34.7,33.4,0.7,1.1,9.2,289,0,1.2,0.83,1.2,1.2,8.12,29.36,95,0,0,29.04,1
2022-03-07T06:55:00-05:00,2022-03-07 06:55:00,34.7,34.7,33.4,1.8,2.2,9.2,311,0,1.2,0.83,1.2,1.2,8.12,29.35,95,0,0,29.02,1
2022-03-07T06:50:00-05:00,2022-03-07 06:50:00,34.7,34.7,33.4,0.2,1.1,9.2,278,0,1.2,0.83,1.2,1.2,8.12,29.37,95,0,0,29.04,1
2022-03-07T06:45:00-05:00,2022-03-07 06:45:00,34.7,34.7,33.4,0.7,1.1,9.2,289,0,1.2,0.83,1.2,1.2,8.12,29.35,95,0,0,29.03,1
2022-03-07T06:40:00-05:00,2022-03-07 06:40:00,34.7,34.7,33.4,0.4,1.1,9.2,288,0,1.2,0.83,1.2,1.2,8.12,29.36,95,0,0,29.03,1
2022-03-07T06:35:00-05:00,2022-03-07 06:35:00,34.5,34.5,33.2,1.1,1.1,9.2,290,0,1.2,0.83,1.2,1.2,8.12,29.36,95,0,0,29.03,1
2022-03-07T06:30:00-05:00,2022-03-07 06:30:00,34.5,34.5,33.2,1.1,1.1,9.2,290,0,1.2,0.83,1.2,1.2,8.12,29.35,95,0,0,29.03,1
2022-03-07T06:25:00-05:00,2022-03-07 06:25:00,34.5,34.5,33.2,1.1,1.1,9.2,293,0,1.2,0.83,1.2,1.2,8.12,29.35,95,0,0,29.02,1
2022-03-07T06:20:00-05:00,2022-03-07 06:20:00,34.5,34.5,33.2,0.9,1.1,9.2,278,0,1.2,0.83,1.2,1.2,8.12,29.36,95,0,0,29.04,1
2022-03-07T06:15:00-05:00,2022-03-07 06:15:00,34.5,34.5,33.2,0.4,1.1,9.2,285,0,1.2,0.83,1.2,1.2,8.12,29.37,95,0,0,29.05,1
2022-03-07T06:10:00-05:00,2022-03-07 06:10:00,34.7,34.7,33.4,0.4,1.1,9.2,296,0.05,1.2,0.83,1.2,1.2,8.12,29.36,95,0,0,29.04,1
2022-03-07T06:05:00-05:00,2022-03-07 06:05:00,34.5,34.5,33.2,0.7,1.1,9.2,291,0.05,1.2,0.83,1.2,1.2,8.12,29.36,95,0,0,29.04,1
2022-03-07T06:00:00-05:00,2022-03-07 06:00:00,34.5,34.5,33.2,2.2,2.2,9.2,317,0.05,1.2,0.83,1.2,1.2,8.12,29.38,95,0,0,29.05,1
2022-03-07T05:55:00-05:00,2022-03-07 05:55:00,34.5,34.5,33.2,1.8,2.2,9.2,304,0,1.19,0.82,1.19,1.19,8.11,29.38,95,0,0,29.05,1
2022-03-07T05:50:00-05:00,2022-03-07 05:50:00,34.5,34.5,33.2,0.7,1.1,9.2,290,0,1.19,0.82,1.19,1.19,8.11,29.39,95,0,0,29.07,1
2022-03-07T05:45:00-05:00,2022-03-07 05:45:00,34.5,34.5,33.2,0.2,1.1,9.2,289,0,1.19,0.82,1.19,1.19,8.11,29.4,95,0,0,29.08,1
2022-03-07T05:40:00-05:00,2022-03-07 05:40:00,34.7,34.7,33.4,0.9,1.1,9.2,287,0,1.19,0.82,1.19,1.19,8.11,29.39,95,0,0,29.07,1
2022-03-07T05:35:00-05:00,2022-03-07 05:35:00,34.7,34.7,33.4,1.3,2.2,9.2,287,0,1.19,0.82,1.19,1.19,8.11,29.39,95,0,0,29.06,1
2022-03-07T05:30:00-05:00,2022-03-07 05:30:00,34.7,34.7,33.2,0.4,1.1,9.2,287,0,1.19,0.82,1.19,1.19,8.11,29.4,94,0,0,29.08,1
2022-03-07T05:25:00-05:00,2022-03-07 05:25:00,34.7,34.7,33.2,0.2,1.1,9.2,284,0,1.19,0.82,1.19,1.19,8.11,29.42,94,0,0,29.09,1
2022-03-07T05:20:00-05:00,2022-03-07 05:20:00,34.7,34.7,33.2,1.1,2.2,9.2,288,0,1.19,0.82,1.19,1.19,8.11,29.4,94,0,0,29.08,1
2022-03-07T05:15:00-05:00,2022-03-07 05:15:00,34.7,34.7,33.2,0.9,1.1,9.2,280,0,1.19,0.82,1.19,1.19,8.11,29.39,94,0,0,29.07,1
2022-03-07T05:10:00-05:00,2022-03-07 05:10:00,34.7,34.7,33.2,1.8,2.2,9.2,295,0,1.19,0.82,1.19,1.19,8.11,29.4,94,0,0,29.07,1
2022-03-07T05:05:00-05:00,2022-03-07 05:05:00,34.9,34.9,33.4,0.9,1.1,9.2,287,0,1.19,0.82,1.19,1.19,8.11,29.4,94,0,0,29.08,1
2022-03-07T05:00:00-05:00,2022-03-07 05:00:00,34.9,34.9,33.4,1.3,2.2,9.2,290,0,1.19,0.82,1.19,1.19,8.11,29.4,94,0,0,29.07,1
2022-03-07T04:55:00-05:00,2022-03-07 04:55:00,34.9,34.9,33.4,1.1,1.1,9.2,292,0,1.19,0.82,1.19,1.19,8.11,29.4,94,0,0,29.07,1
2022-03-07T04:50:00-05:00,2022-03-07 04:50:00,34.9,34.9,33.4,0,0,9.2,281,0,1.19,0.82,1.19,1.19,8.11,29.4,94,0,0,29.08,1
2022-03-07T04:45:00-05:00,2022-03-07 04:45:00,34.9,34.9,33.4,0.9,1.1,9.2,293,0,1.19,0.82,1.19,1.19,8.11,29.41,94,0,0,29.09,1
2022-03-07T04:40:00-05:00,2022-03-07 04:40:00,34.9,34.9,33.4,1.3,2.2,9.2,326,0,1.19,0.82,1.19,1.19,8.11,29.4,94,0,0,29.07,1
2022-03-07T04:35:00-05:00,2022-03-07 04:35:00,35.1,35.1,33.6,0.9,1.1,9.2,285,0,1.19,0.82,1.19,1.19,8.11,29.4,94,0,0,29.07,1
2022-03-07T04:30:00-05:00,2022-03-07 04:30:00,35.1,35.1,33.6,1.8,2.2,9.2,298,0,1.19,0.82,1.19,1.19,8.11,29.4,94,0,0,29.08,1
2022-03-07T04:25:00-05:00,2022-03-07 04:25:00,35.2,32.8,33.6,3.1,3.4,9.2,346,0.07,1.19,0.82,1.19,1.19,8.11,29.41,94,0,0,29.09,1
2022-03-07T04:20:00-05:00,2022-03-07 04:20:00,35.2,35.2,33.6,0.9,1.1,9.2,292,0.07,1.19,0.82,1.19,1.19,8.11,29.41,94,0,0,29.09,1
2022-03-07T04:15:00-05:00,2022-03-07 04:15:00,35.2,35.2,33.4,0.2,1.1,9.2,283,0,1.18,0.81,1.18,1.18,8.1,29.41,93,0,0,29.09,1
2022-03-07T04:10:00-05:00,2022-03-07 04:10:00,35.4,35.4,33.6,1.8,3.4,9.2,1,0,1.18,0.81,1.18,1.18,8.1,29.41,93,0,0,29.09,1
2022-03-07T04:05:00-05:00,2022-03-07 04:05:00,35.6,35.6,33.8,2,2.2,9.2,308,0,1.18,0.81,1.18,1.18,8.1,29.42,93,0,0,29.09,1
2022-03-07T04:00:00-05:00,2022-03-07 04:00:00,35.8,35.8,34,0.9,2.2,9.2,277,0,1.18,0.81,1.18,1.18,8.1,29.42,93,0,0,29.09,1
2022-03-07T03:55:00-05:00,2022-03-07 03:55:00,35.8,35.8,34,1.8,2.2,9.2,269,0,1.18,0.81,1.18,1.18,8.1,29.42,93,0,0,29.09,1
2022-03-07T03:50:00-05:00,2022-03-07 03:50:00,35.8,35.8,34,1.1,1.1,9.2,286,0,1.18,0.81,1.18,1.18,8.1,29.42,93,0,0,29.1,1
2022-03-07T03:45:00-05:00,2022-03-07 03:45:00,35.8,35.8,34,2.5,3.4,9.2,269,0,1.18,0.81,1.18,1.18,8.1,29.43,93,0,0,29.11,1
2022-03-07T03:40:00-05:00,2022-03-07 03:40:00,35.8,32.5,34,4,5.8,9.2,322,0,1.18,0.81,1.18,1.18,8.1,29.41,93,0,0,29.09,1
2022-03-07T03:35:00-05:00,2022-03-07 03:35:00,35.8,35.8,34,0.9,1.1,9.2,287,0,1.18,0.81,1.18,1.18,8.1,29.4,93,0,0,29.08,1
2022-03-07T03:30:00-05:00,2022-03-07 03:30:00,35.8,35.8,34,0.4,1.1,9.2,288,0,1.18,0.81,1.18,1.18,8.1,29.39,93,0,0,29.07,1
2022-03-07T03:25:00-05:00,2022-03-07 03:25:00,35.8,32.2,34,4.3,5.8,9.2,359,0,1.18,0.81,1.18,1.18,8.1,29.39,93,0,0,29.07,1
2022-03-07T03:20:00-05:00,2022-03-07 03:20:00,35.8,35.8,34.2,0.9,2.2,9.2,304,0,1.18,0.81,1.18,1.18,8.1,29.39,94,0,0,29.06,1
2022-03-07T03:15:00-05:00,2022-03-07 03:15:00,36,36,34.4,1.3,2.2,9.2,274,0,1.18,0.81,1.18,1.18,8.1,29.37,94,0,0,29.05,1
2022-03-07T03:10:00-05:00,2022-03-07 03:10:00,36,36,34.2,1.6,2.2,9.2,321,0,1.18,0.81,1.18,1.18,8.1,29.37,93,0,0,29.04,1
2022-03-07T03:05:00-05:00,2022-03-07 03:05:00,36,36,34.2,2.2,3.4,9.2,325,0,1.18,0.81,1.18,1.18,8.1,29.39,93,0,0,29.06,1
2022-03-07T03:00:00-05:00,2022-03-07 03:00:00,36,33.7,34.2,3.1,3.4,9.2,354,0,1.18,0.81,1.18,1.18,8.1,29.41,93,0,0,29.08,1
2022-03-07T02:55:00-05:00,2022-03-07 02:55:00,36.1,36.1,34.3,0.7,2.2,9.2,357,0,1.18,0.81,1.18,1.18,8.1,29.42,93,0,0,29.1,1
2022-03-07T02:50:00-05:00,2022-03-07 02:50:00,36.1,36.1,34.3,1.1,1.1,9.2,295,0,1.18,0.81,1.18,1.18,8.1,29.43,93,0,0,29.11,1
2022-03-07T02:45:00-05:00,2022-03-07 02:45:00,36.1,36.1,34.3,0.7,1.1,9.2,289,0,1.18,0.81,1.18,1.18,8.1,29.42,93,0,0,29.1,1
2022-03-07T02:40:00-05:00,2022-03-07 02:40:00,36.1,36.1,34.3,0.9,1.1,9.2,273,0,1.18,0.81,1.18,1.18,8.1,29.42,93,0,0,29.09,1
2022-03-07T02:35:00-05:00,2022-03-07 02:35:00,36.1,36.1,34.3,2.2,2.2,9.2,319,0,1.18,0.81,1.18,1.18,8.1,29.41,93,0,0,29.09,1
2022-03-07T02:30:00-05:00,2022-03-07 02:30:00,36.3,36.3,34.5,1.8,2.2,9.2,313,0.05,1.18,0.81,1.18,1.18,8.1,29.43,93,0,0,29.1,1
2022-03-07T02:25:00-05:00,2022-03-07 02:25:00,36.3,36.3,34.5,2,2.2,9.2,354,0.05,1.18,0.81,1.18,1.18,8.1,29.41,93,0,0,29.09,1
2022-03-07T02:20:00-05:00,2022-03-07 02:20:00,36.3,36.3,34.7,2.2,3.4,9.2,11,0.07,1.17,0.8,1.17,1.17,8.09,29.42,94,0,0,29.1,1
2022-03-07T02:15:00-05:00,2022-03-07 02:15:00,36.3,36.3,34.7,0.9,2.2,9.2,288,0.12,1.17,0.8,1.17,1.17,8.09,29.43,94,0,0,29.11,1
2022-03-07T02:10:00-05:00,2022-03-07 02:10:00,36.3,36.3,34.5,1.8,2.2,9.2,290,0.12,1.16,0.79,1.16,1.16,8.08,29.43,93,0,0,29.11,1
2022-03-07T02:05:00-05:00,2022-03-07 02:05:00,36.5,36.5,34.9,1.3,2.2,9.2,272,0.12,1.15,0.78,1.15,1.15,8.07,29.45,94,0,0,29.12,1
2022-03-07T02:00:00-05:00,2022-03-07 02:00:00,36.5,34.3,34.9,3.1,4.5,9.2,297,0.12,1.14,0.77,1.14,1.14,8.06,29.45,94,0,0,29.12,1
2022-03-07T01:55:00-05:00,2022-03-07 01:55:00,36.7,36.7,35.1,1.3,2.2,6.9,287,0.19,1.13,0.76,1.13,1.13,8.05,29.48,94,0,0,29.15,1
2022-03-07T01:50:00-05:00,2022-03-07 01:50:00,36.7,36.7,35.1,1.3,2.2,6.9,303,0.24,1.12,0.75,1.12,1.12,8.04,29.47,94,0,0,29.14,1
2022-03-07T01:45:00-05:00,2022-03-07 01:45:00,36.9,36.9,35.3,1.8,2.2,6.9,297,0.35,1.1,0.73,1.1,1.1,8.02,29.47,94,0,0,29.14,1
2022-03-07T01:40:00-05:00,2022-03-07 01:40:00,36.9,36.9,35.3,1.3,2.2,6.9,298,0.42,1.08,0.71,1.08,1.08,8,29.49,94,0,0,29.16,1
2022-03-07T01:35:00-05:00,2022-03-07 01:35:00,36.9,36.9,35.1,2.5,3.4,5.8,321,0.42,1.04,0.67,1.04,1.04,7.96,29.48,93,0,0,29.15,1
2022-03-07T01:30:00-05:00,2022-03-07 01:30:00,36.9,36.9,35.3,2.5,3.4,5.8,341,0.42,1.01,0.64,1.01,1.01,7.93,29.48,94,0,0,29.15,1
2022-03-07T01:25:00-05:00,2022-03-07 01:25:00,36.9,36.9,35.1,1.1,2.2,5.8,279,0.35,0.97,0.6,0.97,0.97,7.89,29.48,93,0,0,29.15,1
2022-03-07T01:20:00-05:00,2022-03-07 01:20:00,36.9,36.9,35.1,2.2,3.4,5.8,354,0.35,0.94,0.57,0.94,0.94,7.86,29.47,93,0,0,29.15,1
2022-03-07T01:15:00-05:00,2022-03-07 01:15:00,36.9,36.9,35.1,1.3,2.2,5.8,289,0.35,0.91,0.54,0.91,0.91,7.83,29.48,93,0,0,29.15,1
2022-03-07T01:10:00-05:00,2022-03-07 01:10:00,36.9,34.2,35.1,3.6,5.8,5.8,322,0.35,0.88,0.51,0.88,0.88,7.8,29.47,93,0,0,29.14,1
2022-03-07T01:05:00-05:00,2022-03-07 01:05:00,36.9,36.9,35.1,2.2,2.2,4.5,323,0.38,0.85,0.48,0.85,0.85,7.77,29.51,93,0,0,29.18,1
2022-03-07T01:00:00-05:00,2022-03-07 01:00:00,36.9,36.9,35.1,2,2.2,4.5,314,0.35,0.82,0.45,0.82,0.82,7.74,29.5,93,0,0,29.18,1
2022-03-07T00:55:00-05:00,2022-03-07 00:55:00,36.9,36.9,35.1,1.8,2.2,4.5,310,0.4,0.79,0.42,0.79,0.79,7.71,29.5,93,0,0,29.17,1
2022-03-07T00:50:00-05:00,2022-03-07 00:50:00,37,37,35.2,1.3,2.2,4.5,291,0.54,0.76,0.39,0.76,0.76,7.68,29.51,93,0,0,29.18,1
2022-03-07T00:45:00-05:00,2022-03-07 00:45:00,37,37,35.2,2,2.2,4.5,317,0.54,0.72,0.35,0.72,0.72,7.64,29.5,93,0,0,29.18,1
2022-03-07T00:40:00-05:00,2022-03-07 00:40:00,37.2,37.2,35.4,0.7,1.1,4.5,305,0.47,0.67,0.3,0.67,0.67,7.59,29.53,93,0,0,29.21,1
2022-03-07T00:35:00-05:00,2022-03-07 00:35:00,37.2,37.2,35.1,0,0,4.5,281,0.5,0.63,0.26,0.63,0.63,7.55,29.55,92,0,0,29.22,1
2022-03-07T00:30:00-05:00,2022-03-07 00:30:00,37.4,37.4,35.6,2.2,2.2,4.5,310,0.5,0.59,0.22,0.59,0.59,7.51,29.52,93,0,0,29.19,1
2022-03-07T00:25:00-05:00,2022-03-07 00:25:00,37.6,37.6,35.8,0.7,1.1,4.5,302,0.47,0.55,0.18,0.55,0.55,7.47,29.53,93,0,0,29.21,1
2022-03-07T00:20:00-05:00,2022-03-07 00:20:00,37.6,35.5,35.5,3.1,3.4,4.5,260,0.5,0.52,0.15,0.52,0.52,7.44,29.55,92,0,0,29.23,1
2022-03-07T00:15:00-05:00,2022-03-07 00:15:00,37.8,37.8,35.7,2.2,2.2,3.4,321,0.42,0.47,0.1,0.47,0.47,7.39,29.55,92,0,0,29.23,1
2022-03-07T00:10:00-05:00,2022-03-07 00:10:00,37.8,37.8,35.4,0.2,1.1,3.4,291,0.4,0.44,0.07,0.44,0.44,7.36,29.55,91,0,0,29.23,1
2022-03-07T00:05:00-05:00,2022-03-07 00:05:00,38.1,38.1,35.7,1.1,1.1,3.4,293,0.35,0.4,0.03,0.4,0.4,7.32,29.54,91,0,0,29.22,1
2022-03-07T00:00:00-05:00,2022-03-07 00:00:00,38.1,38.1,35.4,1.3,2.2,2.2,300,0.38,0.37,0,0.37,0.37,7.29,29.57,90,0,0,29.24,1