measure,hybrid,ggmr,rc3,rc2,rc1
77407.996413,66827.92775890001,67265.73099599998,105330.0,100530.0,44368.737
56182.89289,61845.690465,55851.74638,63470.0,52580.0,-22830.657
21229.491898999997,22679.159164,23546.887745999997,19250.0,31569.0,27968.65
107698.01836700001,115275.050405,109212.79170999999,113690.0,100040.0,-8331.0
-20381.072877700004,-19625.495065,-18043.3765554,-19439.0,-5477.0,8258.0
144485.759818,151243.047569,136888.745262,145890.0,132210.0,13954.0
-28351.823317999995,-24524.683937,-27722.195385,-21020.0,-15088.0,-16646.0
91719.947686,95445.99883,93116.360666,93280.0,97731.0,27392.0
23929.804863999998,31196.625941000002,21997.868250000007,32690.0,24004.0,-37917.0
27959.79522400001,26689.876566,24908.14580199999,28920.0,40180.0,24794.75
-38281.251487999994,-29190.070584,-33425.37317600001,-27853.0,-29378.0,-50940.0
62924.898552,70908.686732,64558.329155999985,69240.0,70830.0,24250.21
-52382.560787,-47694.304896999995,-48001.785220000005,-43160.0,-40740.0,-40049.0
-13181.213498,-2873.8558099999973,-12176.205064000002,-2363.0,-9562.0,-37450.0
50478.0063551,48703.67064659999,47286.918815,51550.0,57468.0,36667.8
-33533.030535,-27868.604288,-28138.959521000004,-26809.0,-27927.0,-40060.0
80114.16054900001,78597.3384,80224.08991300002,76750.0,77221.0,30940.0
14192.0023825,24477.889667000003,20908.374224,16640.0,7450.0,-32319.3
48275.0424815,49201.82942819999,49166.822559980006,42080.0,51715.3,40270.0
83295.731891,88258.481663,83388.496174,83900.0,70850.0,-12090.0
5625.895802700006,4306.9314669999985,5638.249223400002,-1207.300000000003,11919.0,28329.0
142892.779972,142422.194661,134832.54622299998,140076.0,126060.0,16914.0
-49633.97570499999,-50948.661288999996,-49275.833291,-51000.0,-36880.0,-4870.0
131459.60220999998,139956.28412815,128558.05779923001,136411.0,125169.0,13270.0
-43352.749345000004,-40585.340578999996,-44729.409751,-37420.0,-28853.0,-13180.0
118736.242435,122686.80158500001,112023.656293,118350.0,115600.0,28812.7
-841.1050710000054,3943.7585100000033,-1622.157125999991,5082.0,-273.0,-31357.9
83883.77403199999,82214.434437,78724.82537800001,82270.0,89787.0,40701.0
20009.523843000003,25406.521294,16467.916840999995,27250.0,17980.0,-37584.0
60366.476359999986,60498.728675,56046.87026499999,59730.0,69640.0,39143.2
42276.134870199996,52549.487568000004,38597.53771634,51940.0,40790.0,-35020.0
20465.914768999995,20533.838658,17590.436678700004,20956.0,32838.0,28759.800000000003
1018.1028320000005,10105.375604999997,3194.8046440000016,13760.0,5106.0,-51100.0
46935.125532000005,48352.851583,45272.461035,47730.0,56575.0,30296.0
-49574.001255999996,-46682.37467500001,-47122.124133000005,-41180.0,-39020.0,-40760.0
12092.896682999995,11022.476681000002,1795.580836000001,22160.0,11820.0,-39730.0
28422.037301,22608.975308000005,24710.401601199992,28354.0,37752.0,37552.3
-46380.72758400001,-43008.22709200001,-45987.25792799999,-40570.0,-38860.0,-34550.0
-33467.204922000004,-36807.053330999996,-40655.440718,-29350.0,-28626.0,-38200.0
70655.75120669999,63709.789901,75447.26587600002,73100.0,70292.0,29200.0
-37851.190811,-39386.609541,-38283.438604999996,-40210.0,-37940.0,-24209.6
74877.367261,75106.42961100001,71628.032254,75840.0,62230.0,-13842.0
-18300.9834695,-20486.981115100003,-20058.4925732,-28120.0,-15029.0,20860.0
108695.642128,110366.958071,111210.60038,105490.0,96750.0,18798.4
-38965.837871,-39503.524386,-37381.935766,-43476.4,-34690.0,-2455.0
122611.1769113,124085.62388069999,118057.487321,114108.0,108590.0,36429.0
9129.281264999998,10754.456278,9504.552958,7522.0,1544.0,-19065.0
63508.5523309,62466.45635689999,62384.8545871,58304.0,66912.0,44187.0
59382.017745000005,65680.641175,59619.628852,62479.0,50753.0,-21146.0
19251.797898000004,15312.957589999998,14683.515328,14740.0,27060.0,33289.0
85080.3374203,87939.33112619999,83836.50054,91940.0,78880.0,-15990.0
-4783.3279550000025,-8767.901803999996,-7885.648670999997,-8860.0,4710.0,22877.199999999997
42887.581673,51843.27237399999,41709.343694,51900.0,39790.0,-39327.9
39961.998835000006,37831.193697,38236.9674086,38007.0,49386.0,38429.0
84288.96726399999,90747.66399500001,88449.928521,89844.0,77469.0,-14470.2
-18842.216294,-18345.374746,-17364.8906497,-19258.0,-5988.0,11960.2
75323.51863800001,84339.68812099998,83723.77723,83620.0,70920.0,-24350.0
-35115.77085,-35265.737702,-34814.648499,-33180.0,-20050.0,3128.6000000000004
2448.7128370000064,10732.548419,4092.3809770000007,13254.0,4612.0,-44570.0
27204.99484399999,25252.628346999998,26679.101941099994,27604.0,35912.0,28519.0
-34222.005294,-34127.007022,-37414.518251999994,-27540.0,-26320.0,-32670.0
-29473.784342,-30078.586904,-33077.343766,-26670.0,-25360.0,-31640.0
16219.431273600001,32048.099549999995,29556.911881,27481.0,16663.0,-22322.0
11883.717509399998,7364.632683000001,10105.898533999998,5902.0,15937.900000000001,31617.0
-38225.665414,-33372.22437,-32386.531669,-39380.0,-37820.0,-32690.0
44366.463791,51365.318461999996,53898.667151,46309.0,36644.0,-20770.0
-27166.962269000003,-26131.269929000002,-21828.110237,-37685.0,-27645.0,3598.0
72722.675493,77445.96316500001,71112.78160599999,66960.0,62700.0,14976.0
32762.139457100002,36193.461639,36899.990761999994,24910.0,19050.0,-7809.0
4138.236931200001,2550.2643059999996,7859.451248999998,-7960.0,1060.0,20703.0
84517.16273099999,84406.74956,89072.21532599999,78158.0,70080.0,7703.0
-13216.320485999997,-8892.966662000004,-12332.147297000003,-19408.0,-19523.0,-14065.6
48661.219413,46933.56233100001,50248.155893,42100.0,48394.0,24799.1
41636.89501199999,45360.023803000004,45961.063773999995,38190.0,30780.0,-14617.0
-5478.1538709999995,-6933.709495000001,841.7641780000049,-15070.0,-6049.0,10808.3
79833.3045925,84192.965304,86529.65506900001,78910.0,68280.0,-3210.0
712.3794287000037,461.1780753000021,1759.9807612999994,-6563.0,-4217.0,-2680.0
50900.753075,48060.016802000006,59693.51229700001,44640.0,50392.0,23733.0
6218.326329000005,11685.147795999997,8100.072778999999,4750.0,-1680.0,-31752.8
10372.653967000002,10515.138735999997,9971.156461999997,5230.0,13715.0,14912.0
61672.749099,65404.971224,61330.538133,59360.0,51180.0,-8952.0
-43636.53088,-43645.800537999996,-43591.915785000005,-48520.0,-39628.0,-12053.0
57192.218976000004,57195.849585,55202.940818,57100.0,53226.0,6092.0
-40637.808466,-40425.346073,-39926.116205,-45010.0,-40580.0,-21412.0
55899.11136400002,56808.596928000006,54200.423905,53800.0,51560.0,17994.0
-41072.257519,-38677.473387000005,-39196.315451999995,-47050.0,-44460.0,-28151.0
55120.90632100001,57896.178975,50144.19482800001,55820.0,51981.0,8130.0
-41278.51111,-38272.141163,-38025.015206,-48010.0,-44190.0,-18295.4
73462.847945,74012.47122400001,69159.362456,70570.0,60890.0,-1196.7999999999993
-35820.836318,-38782.78911499999,-37398.978859999996,-48030.0,-38440.0,-670.0
71068.25839900001,71821.51967100002,68585.544491,69760.0,65748.0,17460.0
-2415.068634000003,-654.7448190000014,2284.1527849999984,-9210.0,-14610.0,-19354.7
77473.822032,70614.37245687,85825.82421040001,80500.0,81140.0,38182.3
64661.231975,39431.804573199996,59289.456834900004,58720.0,57860.0,29900.0
-15316.8889682,-17955.972838,-21973.688388300005,-20417.0,-19873.0,-19365.3
49045.933555,49039.72097099999,57990.747854,46350.0,51845.0,24180.0
21498.645521000002,25714.057590300003,22914.4932539,22580.0,16060.0,-25082.4
9262.39528,9825.0132733,19467.992533999994,5384.0,13650.0,20007.1
50757.39952,54442.481929999994,58520.44412200001,52410.0,44040.0,-15240.400000000001
-27436.115890999998,-27134.793265,-21350.833954,-32340.0,-23058.0,-3332.0
72754.856909,75722.948883,87078.861563,73120.0,67278.0,7568.6
-13742.925392999996,-15717.45183699999,-16519.547194,-15540.0,-18110.0,-24070.0
36759.9484107,37122.059299299995,51285.580179000004,32155.0,39340.0,23623.0
27136.243650999997,31241.867653,34166.366829,27210.0,19440.0,-24612.0
-8482.727448999998,-9721.045937,-5284.934146000001,-13897.0,-5290.0,8546.0
61823.416624,66880.10625499999,65032.194827,61000.0,52760.0,-6486.0
-38487.505077999995,-40162.452079,-39932.114626,-43180.0,-34538.0,-9614.0
60887.23010699999,57028.707801,57492.927738000006,58810.0,56261.0,12174.2
10153.235250999995,10719.237627999999,9756.868704999999,8570.0,2180.0,-24139.2
14246.125649000005,11403.556638000002,18226.132401000003,8200.0,16209.0,20464.0
48068.788883,48445.616204000005,49090.689270999996,47840.0,39673.0,-13778.900000000001
-16010.2521035,-17748.2726119,-15513.148710799998,-22620.2,-13810.0,6945.0
58687.19181800001,59602.91560599999,57433.79102199999,57217.0,53586.0,6958.0
-26540.887543000004,-25020.194211999995,-28557.839242000002,-29167.0,-28285.0,-22098.0
74328.82047,77203.097389,73941.91317800002,70120.0,69352.0,23520.7
19863.244708000002,23734.153584,16764.451529999995,17060.0,12030.0,-14861.7
23574.346540000002,21260.903796999995,24514.714615999997,18040.0,25250.0,24031.0
51245.971848999994,58263.971059999996,68426.836951,51460.0,44630.0,-6056.6
-19867.633080999996,-21085.847921000004,-19116.89089,-22350.0,-14778.0,-2958.3
65040.09495300001,81530.902283,84523.52771999998,64730.0,60920.0,10016.0
30744.950082000003,30746.668576,22653.082834,30670.0,22640.0,-15917.599999999999
67197.712295,58800.517853,52805.45084600001,57470.0,67210.0,57183.0
40390.596725999996,43266.745931,32621.375795,44590.0,33190.0,-28399.0
59585.34574500001,55730.523924,47156.540848000004,53970.0,64710.0,53015.0
7861.041093,17411.851582000003,8857.649118000003,14948.599999999999,8152.0,-35666.0
36038.792242,38606.656002,56528.782255,38105.0,45458.0,24457.0
41010.82028,50132.277045,57992.59708199999,49773.0,39797.0,-27393.0
1120.4982299999974,1060.3045040000038,2107.2655649999942,1133.0,12001.0,17190.5
81241.972736,86506.063776,92190.99406900001,88043.0,76236.0,-12372.0
-15678.198444999998,-16444.782435999998,-15279.896550000001,-16234.0,-4341.0,12512.0
101078.88719200001,106013.42865000002,107890.057999,105073.0,94398.0,3690.0
-45968.22040299999,-43827.013457,-45578.447994999995,-42510.0,-31360.0,-9286.0
95550.998424,98665.721071,104729.53001199997,101460.0,93660.0,4178.0
-45233.899110000006,-43236.642549,-44291.877634,-42260.0,-34255.0,-13466.0
93993.125536,99814.63716,105858.03314530001,100379.9,91639.76000000001,2088.0
-42943.167745000006,-42470.144491,-43317.035625,-38909.3,-29957.0,-12949.6
88677.34150600001,91108.61616,96034.971629,90600.0,87140.0,21253.6
-8013.171408,-1409.986976000002,-6712.810424000001,-1420.0,-6160.0,-31633.8
60980.848742,60553.095014,69587.84543799999,60140.0,66450.0,32654.0
36596.1157672,47874.13188,48763.257173000005,44190.0,34750.0,-26462.0
11753.529064999999,9981.267672999995,12842.794912000005,10330.0,20910.0,21219.3
98971.00475899999,102102.53687800001,111871.00030500001,102800.0,90570.0,-3162.0
-34713.503207999995,-34564.971185,-38108.20151399999,-33810.0,-21211.0,2519.0
109222.24703799999,119811.521083,126541.06642599999,115280.0,103700.0,4067.0
-44199.705574,-43373.83087900001,-48898.313798,-40350.0,-28768.0,-9935.0
107619.027638,113228.760905,115986.0848612,111690.0,104992.0,15455.0
-29345.058693,-23669.193169000006,-27348.121406000006,-23790.0,-22290.0,-23415.0
43873.503091000006,45213.086464,75028.78616400002,49040.0,51995.0,7164.0
7966.3620779999965,17863.808235000004,2939.3461530000022,15270.0,7660.0,-39014.0
115889.650323,108629.92906699998,92925.101088,110480.0,116655.0,61593.4
51288.392802,52944.055244,36149.634235,54784.0,43408.0,-21383.9
31735.259877400018,29917.7614072,19833.23656170001,30364.0,43734.0,41865.0
58535.06151,62548.605171,37669.188211,68590.0,55060.0,-38543.0
31019.95487300001,27918.490992000006,18776.493238600004,30851.0,44190.0,39780.0
-21448.910603,-17935.747089329,-30101.6147085,-7010.0,-12720.0,-50970.0
85296.830539,84189.09538099999,69631.670759,88410.0,93570.0,39746.0
-50789.580927,-46928.723841000006,-49696.97614,-39840.0,-37010.0,-37500.0
-30977.533923000003,-24665.099555,-28156.979458000005,-14995.0,-17313.0,-48940.0
81237.58436599997,75409.80408700001,60970.1343774,82458.0,83191.0,38157.0
-41632.506633,-41958.482531999995,-43944.807887999996,-34650.0,-32480.0,-32886.0
68702.924681,69682.596746,52623.71448,76820.0,62290.0,-27717.0
757.7259608999998,-2824.033472600002,-5568.753861999996,-4295.0,9809.0,31926.0
138179.6659913,143713.610359,117900.226015,137260.0,121460.0,9100.0
-25929.440729100002,-29038.222677900005,-30590.506311300003,-30556.0,-15167.0,19462.0
78606.022596,91177.5197107,94856.158444,84150.0,73320.0,-19970.0
-15634.314702999996,-16270.117695000004,-12260.802678999995,-14174.0,-3231.0,770.0
119779.2127138,121933.65823069998,123369.66229459998,117630.0,111090.0,22021.0
-44588.80809200001,-42072.673728,-41644.486372,-38360.0,-32330.0,-23608.0
113724.71903499999,115493.068608,120125.36100199999,112610.0,108540.0,25128.0
-7980.989983999996,-3925.800093,-8431.867979600005,-1490.0,-5350.0,-28823.0
86510.947445,84403.379586,94384.50575699999,85340.0,91001.0,38565.0
31540.708625000007,34274.582218,35443.782398,37832.9,29257.0,-30928.0
44597.584846,40970.799814,50213.057405,43320.0,53540.0,32853.0
73708.59691800001,81877.801132,77412.030503,82140.0,70600.0,-22123.0
5254.346779000002,4312.639938999995,7820.982533999996,4160.0,16478.0,16245.0
98808.63493,103312.923914,110242.088481,105666.0,92877.0,-13854.0
-18877.323287000003,-24379.543712999995,-21654.728619999998,-22670.0,-9500.0,-388.0
87871.34345500002,92299.40548100001,99135.268296,95782.0,91508.0,9450.0
-48021.979556,-46222.258732999995,-46068.18124499999,-43430.0,-38260.0,-31001.0
67750.647473,75128.73522199999,79753.275588,78940.0,75648.0,8407.0
-45895.080832,-43560.370987,-43486.988319000004,-37480.0,-34100.0,-28410.0
2848.0549020000017,10214.965776,10338.279289,16467.0,7699.0,-39830.0
21593.726964,18265.188035,26738.259132000003,22700.0,31007.0,27040.0
-37437.22084,-36243.016312,-37947.150863999996,-32310.0,-30940.0,-36230.0
51497.571972000005,60004.988962999996,61939.344087,58970.0,47080.0,-26384.0
-7552.3921109999965,-10744.150553,-8176.6866679999985,-13330.0,-1856.0,18718.0
87188.2198663,89812.027242,97705.80989240002,85320.0,79478.0,10419.0
-4658.990672399999,3990.087508999999,-2406.7152080000033,-7080.0,-8690.0,-18129.0
77552.81276,80374.78045100001,96502.8649282,72410.0,76447.0,34261.0
66706.214387,65903.09782499999,55120.014855999994,65160.0,54460.0,-12428.0
41875.330013,33528.23186900001,32723.618206000003,32850.0,44350.0,41990.0
137797.87744100002,133290.7324953,128228.2661731,137180.0,123520.0,14510.0
-31463.180674,-35990.915919,-37137.437531999996,-36460.0,-22340.0,1000.0
145537.50685600002,151013.291015,139390.421514,152800.0,138080.0,10840.0
-2412.1430429999964,-7381.151059999995,-9452.773425000001,-4382.0,1745.0,-4714.0
110393.94295699998,109313.175425,106855.72169250001,109851.0,113574.0,34681.0
23243.755677000005,29179.845736000003,34042.665067999995,31294.0,25018.0,-32709.0
56801.65366900001,55526.76494600001,66111.230075,58240.0,66893.0,27409.0
34072.800576,43143.52091,38899.148907500006,45390.0,36640.0,-39460.0
27775.483503000007,25743.193398,30019.528149000005,30280.0,40082.0,17538.0
65114.697327899994,71262.0706549,75372.94187416,76060.0,65780.0,-27567.0
-13368.450798000003,-13515.527590000002,-14472.414582300004,-10043.0,1344.4000000000015,7161.0
-38009.172284,-37915.079377999995,-41963.494845999994,-30800.0,-28800.0,-47320.0
66611.1329266,71322.31964100001,74769.03478199999,79200.0,74779.0,6097.0
-42788.111855999996,-43213.319971000004,-45042.287045,-37600.0,-33320.0,-21899.0
-29342.133113999997,-29502.007572,-25249.240511999997,-18974.0,-20623.0,-38500.0
58760.33138600001,56749.36832100001,58557.40109370001,61108.0,61771.0,29933.0
-36773.113535,-38063.370087,-40185.831635999995,-34160.0,-32380.0,-31240.0
80201.928038,77070.28812099999,72024.450662,82595.0,69810.0,-8980.0
-32468.118382,-35528.0870972,-37481.7105913,-35852.0,-23310.0,8667.0
109263.20518430002,114442.01480699999,96239.67058800001,107520.0,94350.0,2438.0
-19706.726020999995,-22157.873819,-25154.114117999998,-24144.0,-15455.0,7099.0
106224.987409,104044.8770641,91330.59405900002,100351.0,100924.41,39246.0
42279.060442,44045.333230000004,30895.376694,43160.0,33713.0,-19357.0
44338.670763999995,38683.961963,33898.22154200001,38340.0,49611.0,41813.0
50226.406233999995,54004.874514999996,39392.962408,55580.0,43960.0,-33899.0
43989.06361500001,39682.433866999985,35477.409171,40460.0,51775.0,39715.0
74900.77192700001,80497.597196,67164.062435,82117.0,69434.0,-22526.0
6769.798704000007,5845.826194100002,3891.5084588000004,5894.0,19007.1,25709.0
93258.804266,100576.572387,82564.752371,101722.0,88196.0,-18890.0
-3159.629466999998,-3680.896946000002,-6134.715961000002,-4220.0,9190.0,19982.0
64877.725102,72372.44229100001,90556.47269299999,74531.0,64680.0,-21491.0
-26924.138892,-26023.097233,-22827.725755999996,-23260.0,-12535.0,-6470.0
67659.954388,75661.514452,100473.157906,76023.58,68258.0,-13753.0
-43598.49830100001,-41765.912919,-43278.430796,-38410.0,-29683.0,-26206.0
54923.42948400001,63821.37356200001,61889.0703541,58962.0,56450.0,-2361.0
10042.063105,17170.284458000002,3817.525798999999,13680.0,5963.0,-35534.0
80203.39082500001,74554.64176299999,54107.327608999985,73108.0,81090.7,47399.0
73926.552826,78403.630253,50602.996039,76572.0,62916.0,-20539.0
4528.802238000001,1704.4062680000002,-6111.554552,-1020.0,13594.0,30779.0
72615.891727,79049.958932,52927.139574,80111.0,65676.0,-30390.0
7316.8826960000015,4047.6807159999994,-4929.159077999997,3690.0,17782.0,32334.0
-41746.604365,-38637.909377,-42438.401799,-33740.0,-31950.0,-45440.0
107753.60444599998,109294.56179200001,88405.252759,114039.0,99625.0,-5542.0
-39278.875237,-41947.755783,-42572.786975,-41290.0,-27403.0,6892.0
129550.659397,131665.7092775,98268.69400399999,132020.0,116070.0,-1393.0
-7499.731608,-15547.765733000002,-16117.061957,-16560.0,-1116.0,26588.0
159981.109351,155064.583177,123618.24508399998,157460.0,146180.0,28130.0
-34464.82867,-32641.280408000006,-33357.63943099999,-31563.0,-24544.0,-12840.0
142222.821489,141721.86691299998,111463.438695,141630.0,139331.0,39005.0
-27513.643836999992,-26149.467693000002,-34155.216463,-19980.0,-20970.0,-32561.0
130507.32501599999,127290.57075200001,100164.17031999999,129720.0,131727.0,38982.0
-23726.476848999995,-14857.963134999995,-20842.750141999997,-12460.0,-15852.0,-39826.0
128086.40518900004,125982.87635100001,101442.69042300001,128970.0,132379.0,42082.0
-50274.67835,-43817.647016,-47214.916281000005,-36930.0,-33390.0,-42445.0
152351.18928799997,149075.01304500003,120650.877166,151660.0,146235.0,31169.0
-54510.92230499999,-52659.94932,-52331.099237,-43310.0,-36470.0,-31587.0
122438.567527,123499.90764199999,98034.784989,124600.0,120170.0,20770.0
-53861.44291299999,-48976.370381,-49523.381794,-45090.0,-40000.0,-38338.0
106421.00144299999,109619.82085100003,82788.759539,114240.0,105800.0,-2064.0
-47795.246887999994,-46674.815032,-48214.571846000006,-41480.0,-33281.0,-11386.0
-40822.12018700001,-36346.598574,-41621.157429000006,-27610.0,-26560.0,-45620.0
-36572.711107999996,-33705.255307,-38261.743961,-26850.0,-25710.0,-45080.0
-38058.907191,-34400.878586,-34546.18262,-35880.0,-34700.0,-32670.0
64500.324912,73394.751425,66401.356107,75930.0,61610.0,-5738.0
-31855.208774,-34385.671094,-34085.615352,-40090.0,-26440.0,19691.0
-38701.07262500001,-33485.726694,-29615.171295,-33440.0,-33450.0,-42000.0
85535.265562,83819.286728,75594.103995,76900.0,75113.0,33663.0
-38307.581733,-27355.831200999994,-29307.64631500001,-39640.0,-38440.0,-29079.0
113992.409861,108419.18076199999,86769.80997500001,102470.0,99497.0,41963.0
74706.220663,73629.708227,63565.504915,68200.0,56564.0,-4698.0
38456.786451,33549.811353000005,32718.780244999994,27040.0,39434.0,50245.0
50755.936727,54974.747017999995,44453.096035,52346.0,40490.0,-25980.0
42679.86528500001,39142.530776,38992.861022,37890.0,49121.0,43525.0
-11561.903388000006,-4682.8833680000025,-12772.403070000002,-4440.0,-10141.0,-43110.0
102749.394985,99976.91346400001,91286.66746699998,100090.0,104061.0,43512.0
-15262.765686000004,-15560.416574,-9811.598218,-11850.0,-14810.0,-33248.0
73053.26635699999,77331.1178925,102856.592125,76532.0,79153.0,22224.0
21282.152379,21419.352955000002,19450.440982,25856.0,18109.0,-26534.0
77089.10789300001,75020.538842,60736.31025600001,73240.0,82130.0,48649.0
42672.551343,42007.772131,23521.541417,49890.0,38170.0,-33805.0
44269.91956,43902.62931399999,31396.382141000006,41910.0,54286.0,43966.0
-44305.026559000005,-39122.010371,-40568.87695700001,-36000.0,-33960.0,-49870.0
99592.69110699999,104180.227728,81384.47113199999,107860.0,99620.0,2475.0
-42635.981547,-43258.78997699999,-45098.65774699999,-39900.0,-31774.0,-7885.0
-36449.836628000005,-37523.601391000004,-41712.642135999995,-31930.0,-30250.0,-46260.0
-18217.604358,-13267.859489,-12912.769350000002,-4158.07,-11367.5,-34350.0
53140.286745,52946.480076,59084.19099899999,53840.0,59276.0,36163.0
-40241.39199399999,-38004.805855,-37381.274441,-39260.0,-37470.0,-32270.0
-12735.062107999996,-6484.50518,-11079.602751,-6580.0,-12120.0,-40590.0
87934.2434839,85862.7105788,83500.61236099998,82239.0,85209.0,44445.0
31957.60417,32853.325917,23944.965349,29664.0,19318.0,-21912.0
37156.364883999995,34393.204670900006,28941.4721989,26725.0,37900.0,40812.0
98823.262815,99583.380191,80520.74982999999,100520.0,86100.0,-7940.0
-5397.700342,-7370.6637125,-7206.999502999999,-13225.0,1116.0,27834.0
70434.869718,72080.556699,90025.8087443,71510.0,68041.0,7597.0
-37138.811387,-30811.744298,-25187.361998,-31730.0,-29190.0,-33887.0
94474.383934,95129.73833899999,109655.023083,91710.0,88740.0,18481.0
-4891.574511999996,-4828.477356999998,-8912.506400000002,-3393.0,-6570.4000000000015,-27149.0
29936.026432000002,27023.564375500006,31047.606082,31696.0,38256.0,14859.0
-19421.481697000003,-19112.762083,-17395.385591,-15320.0,-18147.0,-39078.0
46412.908996,46519.313125,45253.697345,46530.0,48847.0,8608.0
18403.378867,15192.240816000001,14075.007001,19960.0,14100.0,-23024.0
31997.099542,27312.264047,33561.155233,27470.0,34006.0,23107.0
42208.846453,42183.146554,43865.570368,42600.0,35880.0,-17346.0
-8974.225368,-11641.760396999998,-12347.113634,-14000.0,-5987.0,4946.0
56990.353763,58700.040284999995,54772.008942,59460.0,51492.0,-14243.0
-21307.019838,-21174.475467999997,-21797.970020999997,-25580.0,-17184.0,-3354.0
68388.42451800001,68042.421081,62562.767492,68091.0,62312.0,763.0
-34077.188945999995,-35502.529105,-37348.126086000004,-39560.0,-33330.0,-15309.0
61646.41885500001,70858.57516300002,71661.3813549,65690.0,57510.0,-9085.0
-32273.567123999997,-34072.067689,-36777.120309000005,-37970.0,-29700.0,-7012.0
72476.926536,72581.61736989999,66928.26157499998,70222.0,65773.0,7493.0
-11104.049682400002,-10466.248298000002,-9369.724006299999,-15580.0,-17590.0,-21025.0
45984.311108400005,45417.751806579996,43528.077500600004,40770.0,45582.0,21988.0
21896.524787,27605.938384999998,23267.823173999997,22960.0,15950.0,-25712.0
14363.148960999999,11153.008225999996,17405.445443999997,5970.0,13800.2,16271.0
65574.013821,66204.07195200001,70862.317403,64260.0,56260.0,-6553.0
-26559.903831999996,-25167.931437799998,-24392.295124900003,-29370.0,-21139.8,-7588.0
79333.02992500001,74106.707308,78438.433992,71090.0,67884.1,15218.0
20211.389062,15426.073462,13211.704232,16530.0,11650.0,-19524.0
63818.66411500001,60037.433534,64543.5047149,69440.0,69960.0,28164.0
62633.803064,43145.77124239999,67505.55852230001,52870.0,54303.0,20379.0
-4015.3624550000022,-9433.863000000007,-12790.519929,-5660.0,-7480.0,-24222.0
52479.10502059999,53660.1354386,52524.7518175,52130.0,56584.0,17246.0
18401.916079,17449.639992999997,19183.513954,21420.0,16680.0,-23723.0
25401.373026,19800.181133999995,24898.877039999992,23230.0,30053.0,17261.0
42498.479158,43483.1952086,43166.6623236,45140.0,38240.0,-19080.0
85286.591004,82833.04961,71448.7411754,95660.0,90360.0,20856.0
62038.44695490002,51596.93287100001,53354.34241,49370.0,60140.0,49370.0
-14992.149277000008,-11880.720809,-16928.431293,-9940.0,-15510.0,-45526.0
31341.768986,32699.01642,41885.538154,35420.0,41741.0,7884.0
11011.893816000003,13744.0610233,15716.639689,17150.0,11120.0,-38295.0
16349.619713000002,14545.063160999998,17552.349564999993,16220.0,23239.0,11482.0
30680.587261,31195.845417000004,28578.500153,34490.0,27451.0,-27413.0
-6553.3055670999975,-8259.830203,-10139.992174,-10718.0,-2770.0,3174.0
58280.535794999996,60350.300157699996,57092.085958,60940.0,52940.0,-13944.0
-28010.992921000005,-27978.675785,-26112.118974600002,-27140.0,-19118.0,-9287.0
63059.475371,57926.00856199999,61507.89054300001,58380.0,56442.8,15092.0
-4442.497549600001,-2423.7926420000003,1518.0773740000022,-3210.0,-8750.0,-31594.0
66384.400268,60078.3648536,55337.777892599996,74750.0,75120.0,24935.0
132079.825784,118245.53906110002,113361.791058,127790.0,118710.0,36837.0
-39663.5893787,-37917.22661500001,-32929.818745,-43680.0,-29210.0,-494.0
146391.77703700002,141372.04544999998,104916.186714,138170.0,132969.0,39443.0
-47353.48387799999,-46163.764029999984,-44571.070995,-44690.0,-38618.0,-25384.0
157672.824481,163345.14511399998,128107.28130700001,163510.0,153720.0,34220.0
-49041.545178,-49763.643513999996,-46912.682133,-46040.0,-36880.0,-14002.0
141447.542025,142870.39873600003,111602.76214800001,147736.8,134514.0,10375.0
-49382.37557999999,-50019.927321999996,-47384.739635000005,-43860.0,-30676.0,-4148.0
122630.193188,119660.470456,90683.239615,130410.0,114250.0,-12450.0
-22437.757603,-23438.244425999997,-23178.545215,-21870.0,-6160.0,18137.0
-22094.001618000002,-17201.974130000006,-24991.407481,-5280.0,-11350.0,-58630.0
133427.056669,129638.05930699997,103147.816867,132270.0,135040.0,49219.0
-53010.098307,-48004.98085000001,-45161.18842299999,-46421.0,-41597.0,-34281.0
160866.098139,165379.006089,133024.03157300001,165860.0,155020.0,29517.0
-57303.39112799999,-53635.974930000004,-49506.275786,-53040.0,-42640.0,-15634.0
122181.116224,121691.96363000001,97115.6799336,134950.0,118280.0,-10971.0
-42336.109308,-43375.391518,-40081.21384899999,-40650.0,-24190.0,6655.0
102867.88110199998,101162.11106599998,71060.516994,114020.0,98100.0,-19268.0
-35428.808214,-38086.14210999999,-32104.72077918,-33440.0,-17420.0,11833.0
7202.7849570000035,14188.282489999998,-2252.8278089999985,23963.0,12629.0,-54020.0
12850.622637,-1238.0740403,33547.5800562,17347.0,28819.0,17512.0
-7378.319918999992,-1385.097400000006,-3345.7814169999983,2044.0,-4484.0,-49910.0
28993.988757300005,23801.431069,45678.4454009,30824.0,37500.0,13361.0
10384.356297999999,15401.646925100002,20095.120178999998,14870.0,8100.0,-37480.0
11150.859003000001,12656.580440800002,14937.612291000005,8261.0,16280.0,10729.0
66574.5631472,68865.395173,73124.777664,68700.0,60460.0,-7431.0
53652.263739,39136.236807999994,47631.26623279,58060.0,58020.0,15884.0
-9237.527822000002,-10966.97933,-60.41240980000339,-12200.0,-4239.0,2407.0
70328.08594,69504.17145,66032.960841,72870.0,64850.0,-9526.0
-8247.218028000001,-7611.663600999998,-9135.452369,-8163.0,-7253.0,-17318.0
49922.14561699999,49507.37580999999,50302.65110899999,48500.0,53427.0,13786.0
30727.396588000003,33360.2604009,30148.320097000003,32520.0,26720.0,-21500.0
6788.814986199997,6726.753007,8959.7135224,3092.0,10998.0,7548.0
75408.360543,77091.677369,79787.090569,77710.0,69660.0,-1823.0
6812.21965,4253.109092000001,2190.425019000002,2315.0,2822.0,-15807.0
40045.377941499995,37761.21499200001,38367.232356,35700.0,42001.0,15281.0
37672.730259,39229.579939,36638.914449,38883.0,32345.0,-23630.0
-5116.844389,-6169.7299120000025,-4742.139003000002,-10860.0,-2553.7000000000007,1784.0
66950.500548,68772.8252016,65976.635102,68112.0,61180.0,-4975.0
10008.418899,7956.101069000001,4788.902716999997,10392.0,9239.0,-18970.0
21813.145670000005,19333.79369760001,20430.2351919,16338.0,23930.0,18340.0
36503.959913,38539.884471,42490.718901,39020.0,31330.0,-25227.0
-5065.646691000001,-10581.225133,-5352.681196000001,-10200.0,-1877.0,5366.0
63891.80368699999,60152.957414000004,68466.11032299999,63674.0,58563.2,1729.0
-23454.397645000005,-25628.853507999997,-22715.694660999998,-24770.0,-23860.0,-22153.0
47018.504645999994,46017.40405399999,50436.039466999995,45170.0,48037.0,15707.0
34580.3892,37548.874277999996,32729.968096999997,34940.0,23840.0,-29420.0
63710.417538599984,57766.91853530001,47880.312948,52932.0,63653.0,56131.0
94369.06294799999,97741.544093,72769.605648,96179.0,80962.0,-12320.0
16220.89406500001,15225.018699999993,10727.605443,9190.0,24184.0,45218.0
41268.271578,46154.349283999996,26906.4409261,48970.0,35740.0,-45534.0
94543.135119,85596.124254,72216.301487,85360.0,96430.0,64395.0
37535.2278658,36393.375228000004,28553.556424999995,42700.0,30890.0,-38812.0
88408.18791299997,82448.727918,72411.85041099998,82720.0,94270.0,56605.0
15063.826060300002,22615.138011999996,9183.489400000002,24350.0,13680.0,-48166.0
101507.48507099999,96828.58049400001,81595.90257800001,96680.0,106586.0,51386.0
40163.864047,51096.0764088,40248.475953,51061.0,39185.0,-38314.0
60698.53000300001,56942.38601900001,47335.190868000005,60580.0,73200.0,46178.0
-9091.2486828,-7810.808874000009,-14687.102012000008,7470.0,-1900.0,-61140.0
111020.01769899999,109368.925356,92738.07830380001,112790.0,120570.0,47179.0
-58485.326594,-56834.79941199999,-54427.609943,-50880.0,-46420.0,-50287.0
148382.636162,151068.92795000004,120000.683001,159890.0,146010.0,8290.0
-57733.45180499999,-57467.56707,-54095.659684,-54150.0,-40713.0,-13482.0
143077.091693,142004.669979,111351.460931,151280.0,134310.0,-6770.0
-38761.04707099999,-39485.113961999996,-36404.2012027,-38790.0,-22173.0,6717.0
103675.341961,106690.46312999999,83859.814982,110197.0,102056.0,-3164.0
-55392.985531,-53818.034616,-53831.679598,-48030.0,-39400.0,-18723.0
-47062.388386000006,-43555.873198,-45383.134127,-33810.0,-32630.0,-55520.0
103654.862882,103216.993719,79711.249567,111111.0,102504.0,6685.0
-44950.11757600001,-45313.509393,-44604.224062999994,-44220.0,-36279.0,-6815.0
8867.441593700001,16589.666453999995,4881.297374000003,20710.0,9770.0,-50380.0
85555.7446184,79949.4682462,64311.14206369998,78182.0,87226.0,53324.0
-9127.818471999999,-6013.534568999996,-14337.566522000005,-5441.0,-11908.0,-38980.0
145082.578724,135767.10694800006,114965.06437700002,136890.0,139513.0,59532.0
16128.738214999994,18760.220585599993,7814.6961381,18910.0,11180.0,-22926.0
94016.53021299999,82629.19569599998,66875.246151,83880.0,93720.0,54839.0
-34877.335847,-31376.727901000006,-31288.033307000005,-25877.0,-27313.0,-47830.0
141466.5583294,135644.889934,112770.06774389998,138467.0,137203.0,39787.0
-17101.494504000006,-14728.748889000002,-14142.600706000005,-9006.0,-13202.0,-35419.0
119470.563725,118720.45691199997,98398.754466,120290.0,125018.0,47028.0
-22158.364450999994,-14999.207015999997,-17094.699105999993,-10452.0,-15385.0,-43720.0
123698.03093099997,122297.10885699998,103571.996693,124000.0,128700.0,44437.0
-32586.604483,-31769.77565,-34064.77263399999,-22650.0,-24940.0,-43220.0
128950.91493000003,126565.76659500002,106548.821888,131600.0,133578.0,38192.0
-59834.02028699999,-55787.27669399999,-52780.763806,-50540.0,-45080.0,-39595.0
116065.18530000001,119769.67155900001,97342.199183,126530.0,111370.0,-14210.0
-52934.033152,-52179.944633,-50195.75171499999,-47460.0,-32557.0,-2275.0
-44087.070636,-44962.653254,-44596.558009,-30180.0,-29320.0,-55180.0
20148.489032999998,17571.354364,6262.164602000003,31500.0,19750.0,-41200.0
20528.814801900004,22390.169193999995,16399.936738,22400.0,33720.0,37093.0
-42908.060753,-40065.991564,-41425.77007,-35210.0,-33850.0,-39640.0
-36552.23203,-35783.920499,-37746.330957,-27800.0,-27170.0,-38620.0
-28422.037308000003,-29219.392486,-32155.92819,-24550.0,-24330.0,-34470.0
-659.7189369999996,1499.2665609999967,3517.6552869999996,860.0,-6660.0,-30310.0
25506.694012,21890.699373000003,41767.489498999996,15160.0,22970.0,26187.0
13371.376383999997,25343.696311000003,24667.994225000002,10890.0,1730.0,-31390.0
25148.310110000006,25939.5650666,30266.6781834,12015.5,21070.0,30845.0
36217.252788,44680.063125,42223.234475000005,32440.0,25360.0,-16345.0
51937.872195,45088.767924,73233.59478099999,53170.0,53140.0,22526.0
46477.271821,42372.413305,52760.448598999996,47410.0,46560.0,19938.0
49676.396658000005,42531.298313,44405.282422,45610.0,45560.0,15264.0
41022.52261,33194.166965000004,34943.717424999995,41950.0,42340.0,10075.0
33239.009459,39794.431363,27442.810814,43320.0,43240.0,3330.0
34573.075236,38980.658824,21940.829487900002,42610.0,42190.0,6439.0
38768.36103200001,35146.464379,23305.108335,40850.0,40930.0,2286.0
32181.411263,34315.488783,23299.130299000004,43410.0,43410.0,206.0
31292.034080000005,32466.496184000003,25905.439399000003,45170.0,44700.0,2278.0
34435.572841,30247.229479999998,24895.835902000003,42760.0,42640.0,1756.0
36120.708561,28816.471777,26350.615840000002,42570.0,42760.0,-1356.0
27817.904455999997,21683.1277262,26391.615352299996,46120.0,45890.0,-1367.0
15583.117007999997,8456.751736000002,12366.241878999997,19880.0,24704.5,1736.0
-48032.219099,-44393.108446,-48069.93388,-46440.0,-42970.0,-44930.0
-29390.405230000004,-23233.112546,-21078.742691,-15708.470000000001,-19921.0,-40800.0
-9791.925771100001,-19827.743286999998,-8997.283693000001,-6916.0,-2420.0,-10200.0
-11735.975569999999,-9635.829042000001,-4527.349254000001,-7000.0,-11900.0,-40290.0
-5584.937646000002,-15321.727308000001,-12527.035589,-10380.0,-4958.0,175.0
29100.772531000002,23369.314985999998,35645.653514,26567.0,20120.0,-20570.0
-10431.165622999997,-13627.430340160001,-9435.445833200003,-18849.0,-15982.0,-7110.0
73821.231852,78852.96145999999,68736.91604499999,78560.0,72990.0,17772.0
77506.00344100001,62830.50618800001,88498.1975382,70160.0,69660.0,33850.0
106545.33873300001,100324.680501,113521.2576641,111450.0,106490.0,32819.0
99216.75371799999,109875.876285,130019.38936999999,121460.0,119940.0,53030.0
109444.591327,124992.958205,140939.6685,112510.0,111770.0,48380.0
89509.669845,81358.002016,72432.238936,111990.0,111690.0,31267.0
92286.04795699999,87600.42948100001,85191.255657,112290.0,111630.0,28147.0
93374.36477300001,80386.08645,82647.23295199999,108720.0,108690.0,17260.0
79267.20431100001,89530.82331700002,89396.549178,117740.0,116890.0,19327.0
78920.52274400002,76802.61871400001,82250.19131500002,109500.0,109680.0,6391.0
83101.18062799999,79726.21233,83953.906236,111850.0,111410.0,14698.0
76445.479662,76946.446056,80937.277151,111300.0,111230.0,6381.0
59952.50639,58577.283918299996,60032.55694399999,81110.0,88200.0,6901.0
-86104.291417,-74495.82831299999,-56025.944267,-61040.0,-53630.0,-58432.0
-72983.05237000002,-60866.498493,-66571.30892,-41480.0,-39680.0,-85920.0
-60664.885811,-48711.93637900001,-54463.300575,-38640.0,-37550.0,-77630.0
103308.181314,115315.72917600001,89726.480666,121680.0,108410.0,-8196.0
-52490.807353000004,-48846.420304,-50435.825297999996,-51090.0,-38520.0,-10242.0
65186.3741,73428.587645,52024.014331,78618.0,64124.0,-33593.0
5122.695558000003,645.7778180000023,-5006.625507999995,430.0,14160.0,29139.0
-3291.2806949999995,5802.392919,-4632.473630999999,5090.0,-3490.0,-48620.0
73922.164464,73265.449172,58785.455275479995,72130.0,79641.0,41574.0
-7629.920047,-373.3355079999983,-5189.0191235,-448.0,-6233.0,-39820.0
30660.108185,32453.446961000005,61503.45574500001,31290.0,37833.3,15128.0
-37770.737282,-35566.041785400004,-33623.120703,-32080.0,-31210.0,-43485.0
43800.363518,44910.729441999996,35062.81498729999,47710.0,46950.0,3705.0
-13484.011323,-11055.20579,-13452.318967000001,-10730.0,-15660.0,-37270.0
122412.237269,120092.14615500002,112225.62315,117360.0,119213.0,51891.0
-28637.067644000002,-24266.434381000006,-26660.053943,-31724.0,-32355.0,-23797.0
118047.267672,117464.49795700003,111694.744509,116540.0,116930.0,40989.0
14642.542117999998,21105.493247,20251.796544,19200.0,11260.0,-25382.0
62768.379878000014,64885.85930400001,63831.9559603,60711.0,70979.0,44075.0
45808.776140999995,54357.153377999995,49770.77385400001,54050.0,42180.0,-34224.0
28739.463055999997,31664.966841,33871.558774,27510.0,39897.0,34726.0
72901.13604699999,82756.49618300001,82045.677812,85987.0,72381.0,-27485.0
8098.013310999999,7815.312547999997,11352.781694000001,4270.0,18091.0,26422.0
39429.542759,48327.090925000004,44843.359846,52250.0,39750.0,-48234.0
58103.53804110001,58420.567151999996,61676.789344000004,56156.0,67822.0,43511.0
48081.954007,55487.168994,56152.76642,57570.0,45080.0,-39980.0
9288.725536000002,7968.618104999999,12804.246875999997,8740.0,22000.0,21200.0
3798.8693171999985,10210.526656,14358.399403000001,16190.0,11080.0,-43116.0
-35531.203617,-35222.179280000004,-25718.490654000005,-30750.0,-23794.0,-23937.0
-3115.745732000005,2560.0554610000036,2444.4281239999946,9103.0,563.0,-47810.0
3564.822691000003,5347.073661999996,21069.229672,3150.0,11876.7,11825.0
-41294.601815,-38804.325016999996,-35693.357877,-39450.0,-38330.0,-40530.0
57429.191186,68215.069728,73967.506264,66850.0,54920.0,-11530.0
-38816.633149,-39872.597342999994,-35905.102891,-45020.0,-33347.0,6608.0
-30727.396589,-23134.102848000002,-17880.035044,-27410.0,-28970.0,-37480.0
76372.340081,72158.09894600001,56607.925829000014,66110.0,66218.0,29421.0
69090.564404,75466.47614299998,51101.022127000004,65250.0,51330.0,-16743.0
34523.340325,33445.534497,29620.274903999998,21944.0,31572.0,37182.0
164375.33476099998,154296.66787300003,131906.701759,151231.0,147328.0,53250.0
51446.37426499999,50302.200942999996,36862.655524,48107.0,40600.0,-3785.0
76841.896124,68741.151364,51845.880507000016,68000.0,80270.0,56870.0
64555.91099499999,68031.206523,43354.030251000004,71470.0,58507.0,-33360.0
41003.506335000005,40898.6128977,21503.116786,40578.0,53993.0,39726.0
64760.701788,67909.403908,42200.314605,75641.0,62058.0,-39070.0
17091.254957999994,13529.698216999997,376.95298599999387,17540.0,31570.0,30393.0
-8402.273925000003,-4661.970186000002,-17010.809059,9910.0,440.0,-61390.0
85519.17483599999,86578.9145309,72199.243567,88634.0,96976.0,42832.0
-25385.282318999998,-18700.35198500001,-23608.886032,-14089.599999999999,-19475.0,-51049.0
71056.55608299999,74995.61864999999,91057.044432,78160.0,83343.0,25172.0
-25287.275296,-21172.383523999993,-15969.474440000005,-14059.0,-17994.9,-46380.0
60019.794793999994,60512.825618999996,78257.631891,64280.0,69065.0,19445.0
-43166.974834,-46438.01344100001,-47150.596422999995,-36720.0,-34310.0,-41750.0
74593.5857251,74258.2562715,97139.99042199999,84930.0,80653.0,6469.0
-41370.66697,-43773.64987,-43194.431247,-36390.0,-32040.0,-23615.0
-39321.29618700001,-38525.571769,-37768.560626,-37510.0,-35690.0,-41260.0
41648.597335000006,39596.373843,68690.979435,54047.0,51341.0,8011.0
-41372.129762000004,-38564.180925,-36882.104025,-38080.0,-35790.0,-29856.0
21109.542996,15458.171378,22814.924326,28775.0,19971.0,-28309.0
-27104.062241999996,-28082.678577000002,-23462.842438,-29720.0,-20627.0,201.0
81401.41700300001,78469.89056199999,73852.09222499999,81280.0,69490.0,-2922.0
-35583.864109,-37203.068961000004,-33574.187105000005,-43380.0,-31718.0,2258.0
117204.699806,118116.77592999999,129678.65714699998,110830.0,105481.0,30247.0
48387.677433,47332.762010000006,54700.941065,42600.0,34280.0,-8134.0
41373.592555,35938.45559800001,45848.641228,29650.0,41000.0,41643.0
94200.84192600001,97005.13395400002,105970.544586,95118.0,81951.0,-12280.0
-886.4516019999987,-4224.147738999999,378.4153400000041,-7250.0,5910.0,20346.0
136324.84648170002,137975.9876225,146932.13203590002,136370.0,125090.0,15172.0
-15466.093697999993,-15518.257464000006,-12276.390123000008,-13340.0,-10434.0,-17496.0
97243.448087,98434.214241,100703.27498000002,96320.0,101092.0,33310.0
34612.57060399999,37874.60541,39528.84929300001,41609.0,32540.0,-33587.0
58612.58944499999,57694.538707,57169.515871999996,56520.0,66967.0,35360.0
75873.52821199999,79990.359623,83386.224884,84300.0,72450.0,-26889.0
15293.484305999998,14770.946601799995,15601.225508000003,15357.0,28020.0,21332.0
82884.687499,87170.971263,70671.48656,93460.0,80645.0,-26902.0
-11191.817162999992,-10621.172449999998,-16526.673308,-8140.0,5077.0,6799.0
48811.886922,52772.152774999995,42060.937155,61500.0,50255.0,-40402.0
11929.064036999993,10125.722596999998,708.7021990000057,12470.0,23860.0,21815.0
-44985.224569000005,-42305.617039000004,-49127.129255,-40490.0,-37510.0,-51800.0
36019.7759511,36182.38474500001,49501.3061603,54593.0,51208.0,-4114.0
-43602.886677,-39797.370222,-45104.891782,-35960.0,-33030.0,-34186.0
-37650.788384,-37345.599258,-41010.83229299999,-31180.0,-29798.0,-42460.0
50059.648009,53818.927447,46393.816247999996,55070.0,52736.0,11947.0
-38740.567995000005,-37034.396646,-37785.439054,-38690.0,-36720.0,-30590.0
68601.992056,66562.11451619999,68745.36052480001,69737.0,64705.0,7267.0
-17989.4089001,-14991.517095000001,-15322.285945,-20670.0,-21630.0,-19688.0
48051.235389999994,50637.19841299999,55646.536758,44460.0,48552.0,22810.0
48794.333437,49887.55746350001,51199.718311000004,46640.0,39180.0,-11398.0
58600.887118,61616.83564999999,91988.4817268,63630.0,63710.0,23876.0
67610.21947799998,75438.674755,96048.697972,86750.0,81840.0,22825.0
122775.00955099998,100777.91880920001,105122.0440599,103705.0,108360.0,49771.0
-43851.561218999996,-39088.81348,-39374.604616000004,-41730.0,-37250.0,-26971.0
114827.663772,114728.17738600001,95269.34248299999,119660.0,116430.0,24360.0
-51867.658207,-48473.391641,-45128.1765955,-41100.0,-36230.0,-32167.0
131777.027958,131765.08197419997,107540.998534,134180.0,128694.0,26421.0
-59512.206170000005,-53009.98665,-48935.590584,-52059.0,-44495.0,-32681.0
141258.84193899998,143446.353778,113884.05127399998,143760.0,134774.0,22259.0
-60757.041671000006,-55674.756358000006,-50535.803604,-58330.0,-49430.0,-27521.0
112553.02308900001,117275.96718699999,89181.26262,121908.0,111909.0,2031.0
-57019.60959,-53326.77086,-49248.24735,-54740.0,-45020.0,-21304.0
53741.494018,56207.948762,41057.802751,64315.0,52126.0,-32729.0
-25126.368233,-21972.009826999998,-24667.253285,-23240.0,-10680.0,7211.0
-45697.603992000004,-40885.286822999995,-42418.652085999995,-39640.0,-38190.0,-49840.0
-43030.935231,-39887.738451000005,-37639.465369,-43130.0,-41810.0,-41020.0
-42908.060751,-36570.439828,-34783.426129,-37810.0,-37510.0,-34790.0
27298.613504,36008.998747800004,35742.6720046,35622.0,25223.0,-19263.0
-6598.652099999999,-12953.370909100002,-10299.7452208,-18206.0,-8810.0,19110.0
-34754.461371,-34278.685764,-33179.036845999995,-40530.0,-39640.0,-35320.0
58334.6590745,60141.523025999995,62883.21852,55400.0,44900.0,-13022.0
-21658.0897809,-24867.977615000003,-19882.785736,-33540.0,-24477.0,7700.0
83481.506402,82033.333132,76854.41080800002,70160.0,67740.0,28427.0
36720.453038,36871.140039,32459.265687000006,28470.0,21590.0,-7861.0
60566.878788,55263.549119,44773.054436,62920.0,64240.0,33621.0
34574.538025999995,25554.056589,41486.29530700001,23043.0,28770.0,25854.0
13318.715886999998,17739.285554600003,10160.102192200002,14620.0,7450.0,-34303.0
55112.12957799999,56816.00062,45003.65272510001,65600.0,66750.0,26358.0
55403.225071,49106.30919199999,52931.272252560004,57440.0,56940.0,18574.0
49025.454476000006,42348.018668000004,47743.484746,53000.0,52090.0,7166.0
30202.254469999996,25933.967392000002,24556.7317155,44050.0,44920.0,5608.0
37694.672127,34406.551617,41360.37885569999,50630.0,50690.0,8197.0
39246.693824,33121.737785,41082.3247678,49650.0,48770.0,-1131.0
23837.648995,19768.5044,15285.7214507,42060.0,42950.0,-97.0
34513.100787,31026.119198700002,38751.32281861,47900.0,47950.0,1970.0
24980.089094,23140.690212999998,23058.159695000002,42490.0,42430.0,-6325.0
26115.215238999997,24529.776991000002,23828.4464914,44660.0,44650.0,-2693.0
27421.487979,23673.443696000002,21944.8805904,43850.0,43600.0,-4767.0
35509.261743,34247.782751,36649.8720693,50220.0,48860.0,-4250.0
-1171.695929999999,4951.251215000005,10246.277493,5705.0,13177.0,406.0
-48016.128393,-46804.499674,-49646.573129000004,-38436.0,-36010.9,-57130.0
58829.082582999996,67357.423608,57588.2871822,68248.0,64108.0,1975.0
-43750.62861,-43352.72958199999,-44657.964317,-41990.0,-38210.0,-34333.0
41617.878714,47994.196682,41078.78638499999,49720.0,40920.0,-27596.0
2201.5010880000004,2134.532378900003,8560.278236999997,-2928.0,5490.0,14917.0
56373.055782999996,55111.155001,50383.646339000006,57232.0,48851.0,-16747.0
-13160.734413000002,-12270.102082999998,-9417.021425000003,-17180.0,-8769.0,3485.0
76382.57962599999,75178.38703299999,75644.378489,76260.0,70549.0,7106.0
-10415.074917000004,-12684.508115000004,-18091.496144999997,-12020.0,-13834.900000000001,-22448.0
41645.671755,39318.404695,42559.42555199999,39660.0,45549.0,18501.0
38664.50284,32811.476259,26929.938303999996,36030.0,29150.0,-22449.0
1652.9543049999957,3153.8991895000017,3697.160353999999,-3064.0,5145.0,10198.0
64570.538904,63638.942617,59260.824072999996,65926.0,57650.0,-10046.0
-30794.6849944,-27891.1834382,-29674.899493399997,-34622.97,-25750.0,-7975.0
59825.243542000004,58552.30797879999,59603.685531999996,59950.0,56273.0,-1221.0
-21788.278218999996,-17401.346541979998,-20600.660004000005,-22560.0,-24270.0,-29764.0
52492.2701438,53322.194197499986,53423.729058100005,50291.0,53820.0,17935.0
34995.821957,34140.846123,32609.499239999997,33308.0,26515.0,-22003.0
-3196.1992550000004,-3600.201281,117.49103699999887,-10450.0,-1958.0,9624.0
68362.0942635,69224.72687500001,67600.33441899999,68508.0,61280.0,-2830.0
-19637.974823999997,-20838.06739739999,-17204.542593,-21900.0,-20405.0,-19427.0
45340.682886999995,44925.239607999996,43466.265282,42570.0,46840.8,14246.0
9736.339695,13345.928252999998,9704.147037999996,12831.0,6043.0,-31897.0
14920.472493,12870.928825999998,13429.359717400002,9120.0,16948.0,14227.0
43377.6168022,43816.810144999996,42751.947256,44310.0,36250.0,-19990.0
-15372.475042999999,-15646.900811300002,-15641.382647999999,-20214.0,-11672.0,3857.0
62769.842665,61777.6831049,65041.877482300006,63460.0,57300.0,-2884.0
-27115.76457,-26395.319128000003,-28185.836581000003,-29530.0,-26077.0,-19505.0
53121.270449,52230.835949,50728.848297,50400.0,51475.0,17816.0
9026.885854999997,10598.758932,13363.559572,8950.0,2140.0,-32492.0
17243.3852699,16839.282549399995,17526.837045400003,11931.0,19921.0,16270.0
62331.005238,63162.219842,69176.50726700001,63480.0,55400.0,-9158.0
-7754.257322400001,-9796.663408200002,-3817.9014609999995,-12230.599999999999,-5840.0,-350.0
68281.640739,65781.00990500001,64012.413692999995,63891.0,62644.0,16212.0
14886.828291000002,13487.706296900004,16956.790417,14710.0,9710.0,-23712.0
19836.914461,18012.789329,14462.396707999998,14560.0,21901.1,15685.0
50704.739029,52671.80873,51676.90148500001,53440.0,45838.0,-17510.0
-10072.781724999999,-10376.007256,-10103.985018000001,-14980.0,-6800.0,2190.0
76484.9750272,75335.4436169,78136.180895,77250.0,69240.0,109.0
-14452.379237200004,-15385.221137999997,-11250.5604844,-14879.0,-13430.0,-17520.0
35335.189566999994,35940.445631400005,36731.264298400005,34063.0,39720.0,14595.0
3383.436560999997,5416.720837000001,5965.8248410000015,5100.0,-1760.0,-39831.0
27437.5786829,27916.597810399995,29581.48167,24080.0,31495.0,19265.0
47629.951456,47495.904593299994,50750.111315,49430.0,41720.0,-16530.0
-13375.764753000001,-14081.506683,-9973.999964000002,-19210.0,-10756.7,3183.0
61410.909431,60834.744889,62524.723635,62260.0,54150.0,-11367.0
-38766.898238,-37573.197691,-36442.64686279999,-42610.0,-33977.0,-13972.0
63116.52423300001,64606.53571079999,57034.429603,64717.0,60024.0,1062.0
-39520.23582300001,-38323.03180900001,-37776.332659,-39050.0,-34300.0,-23312.0
62060.38882599999,55782.89687899999,49015.8609,52800.0,51045.6,11407.0
26502.854963,25135.570487,23494.83244,25050.0,18000.0,-25384.0
7708.910788499997,6225.204124029998,7433.7607019,99.20000000000073,8376.0,16071.0
44793.598894,46170.829587,48640.442162,47010.0,38570.0,-20240.0
-20436.658943000002,-21286.637042000002,-22170.282347,-27590.0,-18779.0,1531.0
49704.189692,53235.145105999996,49137.433854,51573.0,42917.0,-19729.0
-18647.665034999998,-21267.668399000002,-15701.304468999999,-26920.0,-18006.0,3597.0
84212.902109,80919.259199,78629.271163,81727.0,72747.0,2036.0
-5944.784335999999,-6693.905084,-1294.8585280000007,-8630.0,-7437.4000000000015,-6277.0
57268.284133,55573.063763,56386.46513600001,51180.0,56029.0,23271.0
28601.960658900003,27737.255875000003,32892.446037,27510.0,21530.0,-20805.0
10333.158597,9717.292511999998,10862.341732000006,4690.0,12427.0,13411.0
49767.08972799999,50939.44688999999,50162.829635999995,51600.0,43680.0,-17200.0
-8365.704135999998,-9656.441773999997,-9175.4012376,-15130.0,-6750.0,2491.0
73003.531444,73715.481208,72737.12930100001,74754.0,66356.0,-3728.0
-27490.239175,-27773.819095000003,-21239.192501999998,-29114.0,-22376.0,-14108.0
74558.47873,71791.26212099999,71710.30187859999,71000.0,68834.0,12852.0
12258.192111999999,10348.847306,10223.517639,11137.0,6721.0,-22929.0
16996.173519999997,17220.551557999996,15856.857085000001,13251.0,20591.0,13335.0
42006.981239,43035.025906,43504.095396,44970.0,37545.0,-20884.0
-22753.720555,-22519.551864,-21542.143538,-27000.0,-18443.1,-4291.0
47294.972220999996,50518.77568500001,43728.625645,50500.0,41947.0,-20903.0
-23458.786019999996,-24941.7965546,-27438.1619108,-27698.0,-19077.0,-1196.0
56213.61152,55450.119307999994,50043.481148,56774.0,48987.0,-11575.0
-32059.999576000002,-33688.275489,-36647.15752,-37430.0,-29495.0,-11084.0
67364.470524,66907.755716,65737.98933199998,67407.0,63566.0,8103.0
-34578.926401,-34871.447039,-36283.343154,-41680.0,-37370.0,-21975.0
62671.83563800001,67089.107427,65196.813427999994,63800.0,58393.0,-197.0
17427.696991999997,16168.462825000002,13588.123188,12492.0,8983.0,-14728.0
39640.18471600001,38621.036361499995,43938.399896999996,30730.9,37910.0,26742.0
64111.22240200001,62420.803036,64385.86711400001,60580.0,53100.0,-6970.0
6344.126389999999,3354.0660167999977,9409.329251999998,-82.0,2165.0,-1796.0
143749.97573099998,137835.576672,113528.4998495,133830.0,133670.0,50588.0
55913.739271,53548.224863,36855.794175999996,52854.0,42999.0,-9074.0
50830.53909100001,47215.64738090001,36589.5563055,44503.0,57542.0,50549.0
39553.8800281,40753.521563,24049.999792000002,48180.0,35760.0,-44344.0
64396.46673099998,58228.53357299999,43720.677958,60560.0,72690.0,49516.0
33512.551456,38973.060583,19234.346755000002,43300.0,31180.0,-47460.0
65587.17893600003,61470.777278999994,48955.314611,63990.0,76002.0,44821.0
51893.988461,58016.8897,42704.034680900004,62970.0,49730.0,-40734.0
44629.766245,39889.775771,30914.821967,41830.0,55374.0,38076.0
36382.548217,46886.100246999995,35310.966945,50860.0,38000.0,-50609.0
38750.807522,34898.09812700001,28898.223485999995,38720.0,51710.0,34946.0
-23861.053657999997,-14299.697483000004,-21414.219363,-5048.0,-12341.0,-60490.0
79940.088376,75173.02209900001,53381.8757564,82270.0,88890.0,34914.0
-53271.93796899999,-51498.59312799999,-50087.434360000014,-41950.0,-39170.0,-45979.0
-41045.92727300001,-42413.326321,-43904.0248,-32180.0,-30690.0,-53790.0
93944.853421,91104.87202899999,69882.627208,107600.0,97070.0,4307.200000000001
-42894.895628,-47661.901357,-44152.511084,-42180.0,-32802.0,1194.0
-39055.06815200001,-36311.942073,-39883.194363,-30950.0,-30040.0,-46520.0
109195.916785,98021.12974170002,80645.39564330001,109524.0,102358.0,15700.0
-41775.86019299999,-42704.16495299999,-39933.25561199999,-45610.0,-38600.0,-10261.0
121481.901921,123911.51820909999,102721.4789511,121685.4,113976.5,18790.0
-23117.955611999998,-13909.233648000005,-19186.428822999995,-23370.0,-23010.0,-15947.0
117715.21403400003,115698.182226,90534.096809,113134.0,115968.0,47290.0
44866.738465999995,48027.568138,33771.783667,48380.0,37060.0,-26339.0
50537.980814,46900.109035,35452.267972,45360.0,58247.0,45210.6
35604.34319,39770.174819,22436.637311,44540.0,32110.0,-48133.0
72354.05206799999,69147.95209330002,52684.454888700006,69453.0,81260.0,49340.0
42163.499905,46793.486466,29176.219681000002,50960.0,38620.0,-42439.1
51354.218412,48441.863156,35705.1667943,49582.0,62178.0,41565.0
52476.179421,56360.093435,34794.829343000005,63060.0,49930.0,-43492.0
49633.97571200001,45171.606234000006,31354.263984999994,47607.0,60682.0,40492.9
3693.5483359999926,14052.245869299997,6756.356837000001,17608.0,7983.0,-56460.0
103341.82551399998,102689.607455,76605.138828,103870.0,112110.0,47220.0
-51067.51129999999,-49557.861635,-49331.481197,-46260.0,-42250.0,-48188.0
122761.84441599998,130246.10681300002,97889.70161199999,132971.0,126274.0,14551.0
-53859.980123999994,-50876.682205000005,-49388.891391,-45560.0,-39100.0,-28504.0
80962.579564,81668.82706,66031.372173,93930.0,78970.0,-27472.0
-35057.259194,-36847.126078,-34559.53803,-32280.0,-17257.0,10383.0
-50026.003807999994,-44970.284889999995,-46773.885908000004,-37550.0,-36110.0,-51320.0
-46354.397339,-41208.741639,-41349.096267,-35830.0,-34810.0,-51850.0
48374.512299,46675.944645999996,46426.935242,59300.0,46100.0,-28005.0
-8096.550514000002,-12774.826058399998,-8804.903951,-14776.59,-2489.0,27987.9
-35822.29911,-37067.973191,-39184.88957199999,-35090.0,-34340.0,-40990.0
103072.67190400002,89750.21168400001,95302.42150099999,101195.0,96667.0,27950.3
-18404.841662,-25062.20628,-21930.491358000003,-25170.0,-26990.0,-21804.0
86490.46834400002,83786.188773,66072.838584,76320.0,79970.0,38850.0
31110.647944,34939.541537,24212.312203,31800.0,19953.0,-32707.0
57465.760983,55343.4722224,39876.793854,48284.0,60352.0,51282.0
45801.462185,51062.419235999994,34353.311567,50640.0,37470.0,-35843.9
58868.577946000005,51858.25629509999,35783.363374,50628.0,62544.0,53878.0
-41677.853167,-40363.732697,-42662.21297099999,-35260.0,-32520.0,-45690.0
139518.120151,144221.284599,104439.24771070002,144000.0,137280.0,35710.0
-45081.768802,-44457.08420599999,-44482.699007,-40340.0,-34520.0,-25988.0
157245.689393,151250.95335700002,118683.192365,152460.0,144971.0,35181.0
-50265.901595999996,-48551.783711,-47964.555208000005,-47330.0,-40260.0,-22900.0
105495.054496,103602.78626699999,75226.300338,112720.0,96990.0,-25490.0
14604.509543800004,11856.026621,5722.793924599999,10750.0,25487.0,38287.0
15564.100715,21128.079427999997,3890.5645050000003,27090.0,16320.0,-55060.0
56016.13466689999,55900.820875800004,38421.01738700001,55724.0,66528.0,37748.0
-51763.800015,-45373.045838,-46477.844587,-42980.0,-40610.0,-53010.0
75902.78404,84557.04298900001,71740.216525,86710.0,74180.0,-17741.0
-40158.012880999995,-43711.46654,-45420.13041599999,-37256.0,-25050.0,-2217.2999999999993
-44897.457085,-38133.745135,-41408.663703,-37430.0,-36090.0,-49890.0
-39666.51496300001,-34808.012266,-36186.963263,-40090.0,-38800.0,-40560.0
-41272.65994400001,-34187.685696,-32563.783000999996,-37030.0,-36540.0,-31270.0
67234.282089,71090.485697,62961.000945999986,72590.0,68340.0,19034.4
-32629.025437,-36545.492537000006,-32993.790955,-40430.0,-37290.0,-16745.7
52306.495629,51193.645445,55268.389314,54570.0,44280.0,-15700.0
-2429.696545999997,-2468.549712999998,-986.9449472399992,-12610.0,-2990.0,19032.6
82466.32915800001,75406.58192099999,76830.30746720001,77100.0,69190.0,7098.0
-31773.292456000003,-31397.045521999997,-26284.655271000003,-39090.0,-32900.0,-13649.0
88757.795052,105694.79301599998,95067.17794099999,97350.0,88610.0,12806.0
93908.28364500002,86702.01168000001,137426.11306,89520.0,88810.0,36640.0
-32806.0231985,-32208.313126999998,-26973.298321,-42720.0,-32180.0,-5357.9
69289.504031,69026.08538899999,76963.067118,73875.0,65170.0,-12615.5
-37495.7324932,-37052.829094,-32548.966953000003,-36958.0,-27645.0,-15720.0
81881.2125824,83196.1155542,78117.6515144,83020.0,75921.0,6558.6
-45090.545550999996,-38433.796784,-31912.511644000002,-44110.0,-37480.0,-28719.8
87049.254673,89714.854358,83663.599025,92620.0,84550.0,9101.0
57881.193736999994,40074.998092,59356.753857,58300.0,57530.0,14305.599999999999
-28511.267587999995,-26265.224455,-22395.380452699996,-32027.0,-23230.0,-11611.3
72808.980192,73291.640877,72341.15868000001,77330.0,69210.0,-6961.9
-40901.110923,-35538.460251,-32277.476080000004,-38980.0,-32584.0,-27192.0
54812.2573372,56569.36928740001,50283.697004300004,53683.0,53460.0,9086.0
-45318.741015,-41903.387977000006,-35346.3956757,-43605.0,-40485.0,-39131.0
50717.904152,51391.775936319995,41669.764225,50913.0,48545.0,9091.4
-34437.035634,-38639.814442999996,-40113.99542200001,-35400.0,-33370.0,-30835.0
-35364.445395,-36850.848726,-37451.862138,-38390.0,-37100.0,-39650.0
44430.82662100001,38647.31192310001,42725.84891099999,49079.2,45137.0,6479.9
-32365.722981999996,-35701.860462000004,-35780.62697700001,-39140.0,-36000.0,-15805.0
-30149.593978,-31693.723817,-32952.557818,-33940.0,-32810.0,-36040.0
54113.04303499999,54398.02438960001,55931.585112999994,51526.0,49026.0,18941.199999999997
-14750.788684000003,-13041.407004000002,-6296.834136000003,-21480.0,-25280.0,-28777.4
46224.2089004,45516.6445592,45656.88411200001,35565.0,39770.0,24617.5
1250.6866599999994,4889.8686194,6678.990759999997,-4750.0,-12190.0,-30355.0
40593.9247279,38273.696596,41878.96472999999,31190.0,38010.0,28774.0
22208.099355,21841.834454999997,18314.479079999997,18380.0,10405.0,-22050.0
21620.057202,16839.342871999994,22683.799899,9720.0,17952.0,25672.0
57382.381854,57619.9335665,57367.192235999995,54430.0,46070.0,-10141.0
-21356.754746999995,-22077.462889000002,-20228.360010999997,-31650.0,-22585.0,2824.5
59010.46871500001,62349.862961000006,56452.206225999995,58650.0,49530.0,-13254.0
-2701.7757550000015,-4076.3994319000003,-971.9174494999984,-13065.0,-4300.0,11118.5
85791.254055,84882.20727900001,81637.12557,83590.0,75010.0,7490.0
-4176.269507999998,-5656.232099999999,-2615.794324999997,-8490.0,-8072.0,-14300.0
40378.89438500001,39621.279782,39639.504095,35549.0,41977.0,22510.7
-16898.166492999997,-13746.093874999997,-13465.20098,-16740.0,-21250.0,-39720.0
37365.5440575,35671.9143282,31586.2421459,35296.0,39953.0,13169.599999999999
19089.428054000004,19060.723883000002,11244.945550000002,20353.0,13277.0,-28319.8
5053.944358000001,1659.709006999998,6300.114980000004,-1770.0,6287.0,14713.0
-43585.333182,-36965.512906,-37239.006741000005,-43620.0,-41570.0,-39740.0
32901.1046396,38000.581036,37623.610808,38620.0,28830.0,-24183.0
-31466.106257000003,-31733.136292,-32823.6447202,-35950.0,-26566.0,2771.5
-36597.578563999996,-31246.030235,-33354.364544,-37790.0,-36810.0,-32489.0
-32501.762583,-28425.408982,-28887.835585999997,-39210.0,-38440.0,-34040.0
60218.734427,62773.698751700016,61069.611901000004,59130.0,55856.0,20928.0
-13940.402237000006,-16299.403668999998,-8183.803104999999,-23230.0,-25760.0,-20021.8
66812.99815300002,65194.24517999999,62121.940306,53900.0,56384.0,30247.0
26540.88755,24194.102971,17661.782010000003,18091.0,10338.0,-16422.0
21093.452289000008,18335.027542,21115.39185799999,8500.0,16975.0,27654.7
50561.385469,51250.138913999996,47164.648741,47360.0,38660.0,-13304.0
-2113.733603999998,-3928.986592699996,133.88639126000317,-12028.0,-3390.0,11047.3
89097.16266400002,88658.452024,96566.943926,85280.0,77800.0,15727.0
-19161.104825,-17992.663165599995,-17852.074231,-22280.0,-20617.0,-16425.0
58045.02637800001,57563.038822,60185.034784999996,54850.0,58008.0,19866.2
20520.038057899998,17585.2984251,17062.339974,17610.0,11740.0,-27340.0
18764.688347699997,16931.4543444,15308.588370599997,13907.169999999998,21072.0,16738.0
55319.845963,52992.242828999995,49189.137334,56337.0,49029.3,-12317.0
-18257.099726,-20909.486019,-25731.2914206,-23672.0,-15667.0,-4543.0
59191.854848999996,61478.586755000004,58325.003447,63350.0,55290.0,-10772.0
-22815.157795400002,-25067.7058192,-26496.882706700002,-28160.0,-19970.0,-6623.0
62421.69830890001,61132.136526999995,62581.43587899999,63210.0,59593.0,4261.0
-36970.59037499999,-34803.124933,-36134.74076100001,-39710.0,-35470.0,-24790.0
57139.55848299999,57570.697908999995,57203.498470999984,58080.0,55669.0,7341.0
-22487.492519,-22355.141934000007,-26155.984522000006,-23944.800000000003,-24890.0,-33089.4
40378.89438800001,39156.921132999996,36407.74093500001,37270.0,39685.0,13562.6
2831.9641900000006,6152.312280000002,3304.1158369999994,6081.0,-1253.4000000000015,-35179.0
19616.032954999995,19116.867674000005,19886.592303000005,13700.0,21550.0,16652.7
11632.117382000002,16156.319583999997,14005.128814999996,12070.0,4190.0,-32611.9
49089.8172948,42597.2071138,37398.8507069,39366.0,46406.0,35304.8
84923.81873799999,80175.105981,58565.471363000004,83050.0,68860.0,-11881.0
801.6097013999943,-4393.384874310005,-7423.160361000001,-10194.7,3821.0,32690.0
56283.82549799999,62264.037858,40827.548894,60189.0,46586.0,-31052.0
34110.833146,27494.39033799999,16136.835982999997,25400.0,38398.0,41509.0
117860.03037699999,115414.377582,85414.23225799999,118566.0,103209.7,-5676.0
-14639.616539000002,-17402.683340000003,-21222.943304,-19990.0,-4610.0,24910.0
58947.568683000005,63438.193673,33383.750346999994,67940.0,53920.0,-39365.5
36056.3457384,34528.825787999995,19075.4748737,33292.0,46545.0,42030.0
-3298.594653,3616.293316999996,-9308.920458000006,8680.0,-240.0,-50260.0
90997.328726,90511.21166900001,62891.745422999986,89760.0,97239.0,44063.1
-43303.014436,-40358.536386,-44703.524726999996,-38510.0,-35480.0,-43565.0
123206.533012,126219.076418,88611.60630899998,131380.0,124527.0,20220.0
-48889.414871,-44023.645077,-44838.076874,-45500.0,-38790.0,-24385.1
155104.16273399998,152703.55203899997,108223.28364700002,157840.0,143210.0,11910.0
-51215.253230999995,-47962.62318399999,-47087.222624,-50650.0,-36430.0,-2620.0
-2714.9408789999943,3508.9654450000016,-7615.7385759999925,9270.0,-70.0,-58630.0
67795.993985,67401.41643600001,43988.950766999995,66290.0,74790.0,36750.0
-47017.041853,-42996.782895,-44753.906281999996,-40130.0,-38030.0,-45180.0
-36479.09245800001,-36012.172731000006,-40075.603285,-31020.0,-29770.0,-49840.0
-38183.244461999995,-33807.56452,-36611.989379000006,-32630.0,-32170.0,-35830.0
48153.6307859,49104.238812799995,49482.19208279999,57417.6,53850.0,7190.0
-33742.20971,-33929.528745,-35832.499916,-37150.0,-34000.0,-19289.0
29444.528509000003,31423.461103,29296.875489000002,33090.0,24150.0,-29613.0
-5359.667766999998,-2457.9545550000025,390.43346400000155,-13750.0,-4550.0,11837.0
47031.66977099999,49188.07614980001,53281.444398,46230.0,37060.0,-16673.5
-16633.401246,-21301.637802999998,-22953.094595,-25363.0,-16839.0,5104.4
22414.352944,15028.799168000001,39693.288036,22801.9,17248.0,-20825.0
-7232.040786999999,-12206.217035000001,-7316.140461000001,-12350.0,-7031.0,-2693.0
95878.6637,97626.985132,97909.12952116001,94930.0,86990.0,22195.3
112387.727674,104095.998639,127827.76513200002,112810.0,107920.0,36205.1
90324.44466899999,108656.11687200001,131695.86556999997,117090.0,115390.0,47620.0
82941.73636699999,72387.6789598,88374.8607172,68888.0,76350.0,43450.0
-51690.660445,-50739.591651,-50200.746999999996,-51200.0,-45310.0,-42100.2
37049.581115,49060.96553768999,42258.5512013,56420.0,45180.0,-32250.0
-5981.3541129999985,-4597.7287700000015,-3604.2172250000035,-3130.0,7493.0,4033.8999999999996
32144.841477,37664.511287,35692.852601000006,45190.0,35200.0,-40010.0
101827.83639200001,116064.06297300001,128994.56937000001,127450.0,124850.0,36160.0
74118.178515,61681.894052999996,73181.24056100001,60800.0,69403.6,42910.0
-54987.792306999996,-50051.760174999996,-49242.019351999996,-46930.0,-42840.0,-44207.0
60593.2090265,64523.032705,58627.044156,76050.0,64970.0,-32267.9
-8424.215787999998,-8831.443191499999,-8177.107195999999,-6880.0,4040.0,9720.0
-47906.419036,-44091.559203,-45359.200015,-37580.0,-35800.0,-51460.0
-44768.731439,-44892.982413,-43047.705573,-38605.0,-37415.0,-49930.0
57737.84018199999,55704.32665500001,65248.47246650001,66586.0,63237.0,13340.0
-36305.02028,-38412.267372,-38482.03170800001,-36420.0,-33880.0,-27624.0
-30469.945301999993,-32024.009682000004,-34158.621672,-32300.0,-31160.0,-41630.0
44977.910614,37744.446704,58055.86034200001,49725.0,40826.0,-6877.0
-26943.15518,-29714.185433700004,-30978.877931999996,-34810.0,-26619.0,-140.0
7210.0989150999985,7138.869907200004,17627.308382000003,5590.0,-770.0,-33848.4
35719.903712,31980.5088754,38601.83067999999,25700.0,31170.0,22673.2
45903.857583000005,41893.084773,47653.751992000005,40805.0,32954.0,-8948.5
-12555.138767999999,-15593.944218999999,-16249.756838,-25850.0,-17360.0,2970.0
66890.52609999999,66128.128092,67050.946933,64760.0,59369.0,5573.0
-18774.9278896,-19507.187812300002,-15539.501106,-25680.0,-24330.0,-17762.6
87062.419795,95953.026741,94252.11872,99130.0,92200.0,21101.2
84635.64882799999,78659.625435,86189.491767,85600.0,85480.0,35640.0
-15243.749399,-22078.050559000003,-21852.518560999997,-28560.0,-19023.0,370.0
-3889.562385000001,2887.2622090000023,-4529.330523999999,1831.75,-5208.9000000000015,-43729.0
62045.760914,64597.885099,62819.782284999994,75240.0,75810.0,20578.0
55375.432033,43979.178385,63437.4272366,58330.0,57640.0,14893.0
41119.066847,27846.625751,28879.310267610002,48440.0,47990.0,4001.6
46949.753452,43833.714196500005,49031.037108900004,64970.0,61420.0,6592.799999999999
76622.477428,63125.406306000004,57448.42121900001,69730.0,77380.0,36681.0
-47458.804862000005,-46860.110386,-45477.745255999995,-41940.0,-38520.0,-42701.0
111581.729583,109438.84862769,95614.4925698,120967.0,111626.0,5027.5
35136.2499301,37968.180897,39212.082855,56390.0,52408.0,3970.2
105299.040442,107403.785719,117109.72066400001,129120.0,128040.0,31980.0
-15811.312467,-24351.635706799992,-25725.417953000007,-22910.0,-10107.0,6051.0
-56533.96284199999,-52342.582241,-53081.452699,-37320.0,-35480.0,-57210.0
-46238.836817999996,-48154.901003,-48110.795066,-28150.0,-27570.0,-55680.0
-37524.988326,-40517.63779200001,-42404.138589,-25610.0,-24970.0,-47880.0
-33290.207162000006,-35020.720601,-37680.197352,-28120.0,-27360.0,-42690.0
81069.36333800001,73043.410899,70238.73468899999,83046.2,72928.0,-1736.5999999999985
-38711.312166,-35967.052555999995,-34474.44419,-46360.0,-36126.0,837.2999999999993
103556.85585999998,101959.01304600001,101359.740861,102900.0,89200.0,330.0
-36850.641476000004,-33708.924708000006,-29690.542028,-47280.0,-33862.0,5496.799999999999
119539.31493,119367.17504199999,112735.94875899999,123616.0,109313.0,11225.0
-22143.736533100004,-26947.283643,-21976.140816,-28930.0,-17610.0,7066.299999999999
110448.066244,102272.926774,91055.18614499999,104930.0,103050.0,36075.9
-51526.827806,-44677.777178000004,-40454.734921999996,-51790.0,-47610.0,-35472.0
148903.389924,136013.640553,108177.551156,147330.0,137140.0,22086.0
-50710.59019,-48249.710700999996,-42330.023809,-53110.0,-43560.0,-12666.0
132011.074565,129753.57811399999,98289.42668700001,136717.0,120278.0,-1800.0
-42222.011575000004,-40601.902699,-35822.020653,-43310.0,-27510.0,5982.0
82739.871149,80377.635818,50773.638100000004,90980.0,75710.0,-28230.0
6096.9146430000055,1548.458177999999,-1233.143151000002,2410.0,16831.0,30854.0
-12022.682685999996,-3564.339936000004,-11021.693812000001,-662.0,-8237.0,-53650.0
96756.3385429,90683.08695970001,68617.1950341,94998.0,100784.0,43301.6
-46152.532123000005,-43730.300128,-41938.046143,-41500.0,-38550.0,-41768.6
18978.255898000003,29955.584568000002,11186.805090000003,29560.0,17830.0,-43840.0
55413.464614,50074.01093579999,38628.5867974,52811.0,63207.0,42240.0
-40257.482697,-39169.802991,-38717.667740000004,-37520.0,-35540.0,-43330.0
114036.293608,114768.90355822,86431.52390969999,120452.3,109710.0,6470.0
-41556.44147700001,-43019.055705,-40252.54571,-42930.0,-32900.0,-803.0
56921.602573,58009.091103,42064.138873,64156.0,50380.0,-37120.0
11580.919672999993,10526.354083159998,7794.2881694269945,8181.0999999999985,21293.0,34441.0
